CustomerID,Name,Gender,Age,LocationID,RegistrationDate
C0001,David Brown,F,67,L012,3/3/2022
C0002,Sophia Miller,F,53,L008,2/26/2024
C0003,Mostafa Salem,F,44,L005,4/3/2022
C0004,Youssef Hassan,M,29,L006,1/25/2021
C0005,David Brown,F,34,L007,11/21/2023
C0006,John Brown,F,25,L009,1/21/2021
C0007,Omar Hassan,M,61,L002,2/23/2025
C0008,Emma Johnson,F,65,L008,3/7/2023
C0009,Emily Smith,F,37,L010,8/24/2020
C0010,Ahmed Salem,F,58,L001,9/22/2022
C0011,Fatma Ali,M,26,L001,3/27/2021
C0012,Michael Miller,F,61,L009,9/23/2023
C0013,Sophia Williams,F,42,L009,10/6/2020
C0014,Omar Tarek,M,66,L004,7/3/2023
C0015,Youssef Hassan,M,26,L006,6/25/2025
C0016,Youssef Tarek,M,28,L004,8/3/2024
C0017,Michael Miller,F,41,L007,6/7/2023
C0018,Mostafa Ibrahim,F,66,L001,10/27/2021
C0019,Robert Brown,M,18,L007,11/30/2020
C0020,Ahmed Ali,F,56,L004,6/13/2022
C0021,Omar Ali,F,36,L006,4/2/2021
C0022,Sophia Brown,M,27,L009,6/7/2023
C0023,Anna Williams,F,26,L007,8/15/2021
C0024,Robert Davis,M,20,L008,12/14/2021
C0025,David Wilson,M,62,L007,8/20/2020
C0026,Emily Williams,F,20,L009,4/6/2022
C0027,David Miller,F,51,L007,12/10/2022
C0028,Ahmed Ali,F,47,L004,1/19/2023
C0029,David Johnson,F,32,L011,6/19/2024
C0030,Emma Brown,F,,L009,11/2/2024
C0031,John Miller,M,44,L009,12/23/2022
C0032,Youssef Mahmoud,M,45,L003,6/8/2021
C0033,Aisha Hassan,M,54,L002,11/23/2021
C0034,Anna Smith,M,36,L007,12/15/2022
C0035,Emily Wilson,M,31,L009,11/24/2024
C0036,Emma Brown,F,25,L012,2/4/2024
C0037,Emily Johnson,M,68,L010,11/29/2023
C0038,Anna Brown,F,60,L008,12/25/2023
C0039,Omar Nasser,F,26,L005,12/19/2024
C0040,John Davis,M,69,L007,4/5/2025
C0041,Michael Davis,M,60,L008,12/10/2020
C0042,Michael Johnson,M,54,L010,1/7/2023
C0043,Aisha Salem,M,53,L002,6/3/2023
C0044,Ahmed Ibrahim,M,57,L006,12/21/2021
C0045,David Johnson,F,70,L010,10/30/2020
C0046,Emma Taylor,M,20,L009,1/13/2023
C0047,Anna Johnson,M,59,L009,10/11/2023
C0048,Sara Hassan,M,50,L001,4/26/2023
C0049,Mostafa Ali,M,26,L003,10/22/2020
C0050,Youssef Nasser,F,42,L001,4/2/2024
C0051,Aisha Nasser,M,58,L001,10/10/2024
C0052,Omar Ibrahim,F,59,L003,10/22/2024
C0053,Emily Davis,F,25,L007,12/13/2024
C0054,Ahmed Nasser,M,65,L005,4/30/2024
C0055,Mostafa Mahmoud,M,30,L004,11/11/2020
C0056,John Wilson,F,37,L012,9/3/2021
C0057,Ahmed Mahmoud,F,,L005,4/8/2025
C0058,Youssef Ali,F,24,L006,12/19/2023
C0059,Omar Salem,M,69,L003,8/4/2025
C0060,Emma Smith,M,66,L012,11/22/2020
C0061,John Wilson,F,65,L008,2/21/2021
C0062,Mostafa Mahmoud,F,60,L006,9/22/2023
C0063,Sophia Williams,M,21,L008,3/19/2021
C0064,Omar Mahmoud,F,23,L003,9/6/2022
C0065,Youssef Hassan,M,26,L006,8/30/2023
C0066,Sophia Johnson,M,,L010,11/18/2020
C0067,Anna Taylor,M,31,L011,10/31/2024
C0068,Robert Taylor,M,39,L012,7/28/2023
C0069,David Davis,M,22,L009,11/17/2022
C0070,Emma Smith,F,,L010,1/29/2025
C0071,Omar Ibrahim,F,,L003,9/11/2020
C0072,Anna Taylor,M,35,L012,11/17/2023
C0073,Mohamed Ibrahim,M,39,L006,6/17/2023
C0074,Fatma Ibrahim,M,58,L004,4/28/2024
C0075,Michael Taylor,M,30,L008,7/7/2025
C0076,Robert Taylor,F,20,L009,11/7/2023
C0077,Sophia Miller,F,40,L011,8/14/2025
C0078,David Miller,F,63,L010,3/16/2025
C0079,Aisha Ali,F,60,L004,7/21/2021
C0080,Robert Brown,F,60,L012,8/17/2022
C0081,Michael Wilson,M,59,L007,3/11/2022
C0082,Sara Hassan,F,68,L002,2/20/2023
C0083,David Taylor,F,31,L007,4/18/2023
C0084,Michael Davis,M,48,L010,5/22/2024
C0085,Sara Mahmoud,F,25,L005,12/4/2024
C0086,Anna Wilson,M,47,L008,10/9/2023
C0087,David Wilson,F,44,L007,6/10/2025
C0088,Michael Miller,M,55,L007,12/30/2021
C0089,David Davis,F,53,L010,6/21/2025
C0090,Youssef Tarek,M,65,L006,2/3/2024
C0091,Mostafa Tarek,M,61,L002,11/28/2024
C0092,Sara Salem,M,65,L002,12/20/2024
C0093,Robert Johnson,F,48,L012,3/5/2023
C0094,John Wilson,M,32,L012,3/19/2023
C0095,Emily Taylor,F,36,L011,10/8/2020
C0096,Robert Taylor,M,56,L010,9/16/2022
C0097,Michael Miller,F,28,L008,3/22/2025
C0098,Fatma Nasser,M,27,L003,11/9/2022
C0099,David Brown,F,18,L011,10/25/2023
C0100,Fatma Khaled,M,,L005,6/27/2025
C0101,Sara Nasser,F,51,L003,12/13/2023
C0102,Ahmed Nasser,M,21,L004,2/6/2023
C0103,Robert Williams,F,64,L008,1/28/2021
C0104,Michael Williams,F,21,L010,9/1/2021
C0105,Emma Brown,F,66,L011,12/11/2023
C0106,Emily Smith,F,47,L011,11/11/2023
C0107,Sara Mahmoud,F,50,L001,7/5/2025
C0108,Michael Williams,M,69,L010,4/24/2022
C0109,Robert Taylor,M,26,L012,7/10/2024
C0110,Michael Miller,M,50,L012,6/2/2025
C0111,David Williams,M,49,L011,6/7/2025
C0112,Mostafa Ibrahim,M,,L002,3/31/2022
C0113,Emma Brown,M,28,L008,2/24/2025
C0114,Omar Salem,M,19,L006,8/16/2023
C0115,Sophia Williams,F,46,L010,4/13/2025
C0116,Youssef Mahmoud,M,61,L002,12/29/2021
C0117,Robert Williams,F,44,L008,8/4/2021
C0118,Emma Johnson,F,68,L011,5/7/2021
C0119,David Johnson,F,47,L011,2/26/2024
C0120,Omar Hassan,M,39,L001,4/9/2022
C0121,Sara Salem,F,35,L005,9/7/2020
C0122,Anna Davis,M,68,L009,2/1/2024
C0123,Emma Miller,F,40,L008,11/9/2024
C0124,Mostafa Salem,M,32,L003,7/21/2025
C0125,Sophia Brown,F,,L010,4/10/2021
C0126,Emma Miller,F,59,L007,6/26/2023
C0127,Michael Smith,F,34,L009,10/4/2021
C0128,Mostafa Tarek,F,23,L004,11/15/2020
C0129,Sara Khaled,M,,L005,7/27/2023
C0130,Mohamed Nasser,M,36,L006,1/10/2021
C0131,Mostafa Ibrahim,F,55,L006,11/29/2024
C0132,Mohamed Ali,F,23,L003,9/1/2023
C0133,Emma Smith,F,22,L009,8/12/2025
C0134,Ahmed Tarek,F,48,L005,11/15/2020
C0135,Omar Ali,F,62,L002,4/7/2023
C0136,Sara Mahmoud,M,38,L004,5/13/2022
C0137,Emily Davis,M,18,L009,11/28/2020
C0138,Anna Miller,M,64,L008,8/15/2021
C0139,David Wilson,M,67,L007,8/21/2020
C0140,Aisha Tarek,F,20,L005,9/16/2023
C0141,Ahmed Hassan,M,24,L004,4/29/2025
C0142,Omar Khaled,M,53,L003,1/29/2022
C0143,Mostafa Khaled,F,29,L003,8/19/2021
C0144,Aisha Ali,M,70,L005,4/27/2022
C0145,Youssef Tarek,M,33,L005,2/22/2023
C0146,Aisha Ibrahim,M,57,L004,1/19/2024
C0147,Mohamed Ali,F,38,L004,5/30/2023
C0148,Emma Taylor,F,63,L012,9/8/2022
C0149,David Wilson,F,50,L011,10/26/2022
C0150,David Davis,F,64,L008,3/13/2023
C0151,Omar Nasser,F,44,L004,1/22/2022
C0152,Aisha Khaled,M,18,L001,8/19/2024
C0153,Omar Hassan,F,54,L003,2/24/2024
C0154,Anna Smith,F,24,L009,3/15/2021
C0155,Fatma Nasser,F,30,L005,7/28/2023
C0156,Ahmed Salem,F,35,L003,2/14/2022
C0157,Youssef Ali,M,70,L003,4/1/2024
C0158,Ahmed Mahmoud,F,48,L004,1/31/2022
C0159,David Williams,F,19,L007,10/28/2021
C0160,Mostafa Khaled,F,64,L004,5/23/2022
C0161,John Brown,M,57,L007,4/1/2023
C0162,Fatma Ali,M,25,L003,9/16/2023
C0163,Aisha Ibrahim,M,19,L002,5/17/2025
C0164,Anna Miller,F,59,L008,9/4/2023
C0165,Youssef Salem,F,59,L001,7/15/2023
C0166,Mostafa Khaled,M,69,L005,5/11/2025
C0167,Anna Johnson,M,32,L012,3/23/2024
C0168,Michael Smith,M,49,L012,7/29/2025
C0169,Omar Mahmoud,F,59,L005,10/27/2020
C0170,Michael Williams,M,28,L011,11/18/2022
C0171,Emma Davis,M,22,L012,7/15/2025
C0172,Omar Mahmoud,F,24,L001,2/12/2024
C0173,Fatma Salem,F,20,L005,11/29/2023
C0174,Emily Brown,F,69,L009,11/3/2023
C0175,Ahmed Tarek,F,48,L004,4/30/2025
C0176,John Miller,M,53,L011,2/12/2022
C0177,David Smith,F,70,L010,4/8/2024
C0178,Mostafa Tarek,M,20,L006,2/9/2025
C0179,Youssef Hassan,F,56,L005,7/18/2021
C0180,John Davis,M,32,L009,11/10/2022
C0181,Youssef Ibrahim,M,22,L004,9/17/2023
C0182,Robert Taylor,F,61,L012,11/14/2020
C0183,Mostafa Ibrahim,M,20,L004,1/9/2024
C0184,Sara Salem,M,56,L004,10/6/2021
C0185,Anna Miller,M,50,L010,9/14/2024
C0186,Aisha Ali,F,19,L004,1/15/2022
C0187,David Williams,F,53,L012,10/20/2024
C0188,Ahmed Mahmoud,F,47,L004,11/14/2024
C0189,Sara Mahmoud,M,20,L003,11/11/2022
C0190,Robert Brown,M,70,L009,1/26/2022
C0191,Aisha Tarek,M,34,L004,2/15/2021
C0192,Aisha Nasser,M,53,L001,4/4/2024
C0193,Mohamed Salem,M,30,L006,8/21/2023
C0194,Omar Hassan,F,26,L001,10/15/2024
C0195,Emily Williams,F,39,L011,3/18/2022
C0196,Anna Brown,F,64,L008,8/27/2023
C0197,Fatma Salem,F,61,L003,5/13/2021
C0198,Emma Williams,M,33,L011,1/29/2022
C0199,Sophia Williams,F,46,L007,7/11/2024
C0200,Mostafa Tarek,M,35,L003,6/5/2022
C0201,Emily Miller,F,61,L010,1/8/2024
C0202,Omar Ali,M,46,L005,10/28/2024
C0203,David Davis,F,44,L008,7/25/2025
C0204,Aisha Mahmoud,M,69,L003,12/13/2022
C0205,Sara Salem,F,67,L003,8/2/2022
C0206,Aisha Tarek,M,59,L004,6/28/2022
C0207,Fatma Hassan,M,18,L004,4/28/2024
C0208,Sophia Wilson,F,48,L011,1/25/2023
C0209,Ahmed Mahmoud,M,38,L005,5/4/2021
C0210,Sophia Smith,M,69,L009,10/30/2022
C0211,Anna Davis,F,,L011,10/2/2020
C0212,Emily Johnson,M,32,L007,7/11/2021
C0213,Sophia Johnson,M,,L008,5/30/2023
C0214,Youssef Mahmoud,M,41,L001,2/13/2024
C0215,Sara Nasser,M,33,L004,2/5/2022
C0216,John Miller,F,50,L009,12/11/2022
C0217,John Brown,M,56,L011,10/14/2024
C0218,Fatma Mahmoud,M,23,L002,6/20/2024
C0219,John Smith,M,19,L011,3/23/2023
C0220,Michael Williams,F,69,L007,7/10/2024
C0221,Mohamed Tarek,F,64,L001,9/26/2024
C0222,Sophia Taylor,F,49,L010,10/1/2021
C0223,Mostafa Ali,F,40,L002,5/31/2022
C0224,John Johnson,F,31,L007,2/19/2024
C0225,David Johnson,M,54,L010,7/3/2025
C0226,Michael Williams,M,40,L011,3/14/2025
C0227,Michael Wilson,M,58,L010,5/6/2023
C0228,Robert Taylor,M,23,L008,5/19/2021
C0229,Anna Brown,M,69,L010,11/13/2022
C0230,Sophia Davis,M,69,L010,11/10/2024
C0231,Mostafa Nasser,F,45,L006,2/6/2025
C0232,Sara Tarek,M,55,L003,1/13/2022
C0233,Youssef Mahmoud,M,18,L002,8/11/2023
C0234,Emily Davis,F,49,L012,10/31/2020
C0235,Michael Johnson,M,40,L008,12/8/2022
C0236,Youssef Nasser,M,21,L002,1/20/2024
C0237,Anna Taylor,M,57,L012,1/2/2024
C0238,Omar Salem,M,49,L003,1/8/2021
C0239,Sophia Wilson,M,34,L009,9/27/2022
C0240,Youssef Salem,M,70,L002,2/22/2023
C0241,Aisha Mahmoud,M,68,L001,6/13/2024
C0242,Emily Smith,M,24,L011,3/16/2021
C0243,Youssef Ali,F,37,L002,12/28/2024
C0244,Emily Davis,M,24,L011,7/13/2022
C0245,John Miller,F,38,L007,11/28/2020
C0246,Ahmed Ali,M,23,L005,4/7/2025
C0247,Omar Salem,M,19,L003,11/29/2022
C0248,Emily Wilson,M,,L010,12/31/2023
C0249,John Taylor,M,32,L010,11/25/2022
C0250,Sophia Johnson,M,33,L012,4/22/2022
C0251,David Smith,F,27,L009,10/31/2020
C0252,Michael Davis,M,,L012,7/21/2021
C0253,Mostafa Nasser,F,26,L006,1/8/2022
C0254,Youssef Mahmoud,F,38,L006,9/18/2023
C0255,Youssef Ibrahim,F,,L004,11/2/2024
C0256,Anna Taylor,F,18,L009,6/7/2024
C0257,Aisha Ali,M,38,L006,1/28/2023
C0258,Michael Miller,M,44,L007,11/22/2021
C0259,John Taylor,F,29,L008,7/3/2024
C0260,Omar Khaled,M,40,L006,11/20/2020
C0261,Ahmed Nasser,M,35,L001,6/28/2022
C0262,Emily Williams,F,18,L011,6/28/2021
C0263,Mohamed Tarek,M,31,L001,9/6/2022
C0264,Sara Mahmoud,F,43,L003,8/23/2022
C0265,Emily Brown,F,41,L009,2/18/2025
C0266,Fatma Tarek,F,48,L004,10/8/2021
C0267,Omar Ibrahim,M,56,L005,7/15/2023
C0268,Emma Wilson,F,43,L008,10/30/2021
C0269,Aisha Ibrahim,M,25,L005,2/20/2021
C0270,Omar Salem,F,32,L004,10/16/2020
C0271,Omar Nasser,F,46,L002,11/20/2023
C0272,Sophia Wilson,M,21,L009,2/6/2021
C0273,Mostafa Ali,M,39,L002,2/8/2022
C0274,Anna Taylor,F,34,L010,10/21/2024
C0275,Sara Khaled,F,67,L001,11/2/2022
C0276,Aisha Hassan,F,,L005,5/28/2022
C0277,Anna Johnson,M,40,L008,9/11/2020
C0278,Michael Wilson,M,61,L009,1/30/2021
C0279,David Miller,M,36,L011,10/25/2022
C0280,Emma Brown,F,57,L010,10/4/2024
C0281,John Taylor,M,33,L009,6/4/2024
C0282,Sophia Williams,F,,L007,10/4/2022
C0283,Emily Taylor,F,49,L011,1/3/2024
C0284,Youssef Mahmoud,M,24,L004,10/1/2020
C0285,Mohamed Khaled,F,56,L003,12/19/2024
C0286,Mohamed Nasser,F,70,L001,1/9/2024
C0287,Mostafa Khaled,F,35,L002,11/21/2023
C0288,Fatma Ali,M,33,L002,5/28/2021
C0289,Emma Miller,M,62,L011,7/23/2022
C0290,Sophia Williams,M,34,L009,7/21/2022
C0291,Robert Miller,M,37,L007,8/4/2024
C0292,Mohamed Salem,M,68,L006,11/17/2020
C0293,John Smith,M,42,L007,5/3/2021
C0294,Robert Davis,F,23,L008,1/1/2022
C0295,Emma Miller,M,59,L007,11/16/2021
C0296,Youssef Salem,F,43,L003,12/13/2021
C0297,Ahmed Salem,F,33,L004,4/20/2022
C0298,Emily Williams,M,,L012,3/12/2023
C0299,Robert Williams,F,19,L008,3/29/2025
C0300,Mostafa Nasser,F,31,L001,1/24/2023
C0301,Youssef Mahmoud,M,29,L003,2/5/2021
C0302,Mostafa Tarek,M,39,L004,6/24/2025
C0303,Mostafa Nasser,M,21,L001,9/29/2020
C0304,Emily Miller,F,25,L007,5/22/2025
C0305,Mostafa Salem,M,47,L001,3/13/2024
C0306,John Davis,M,66,L012,12/23/2024
C0307,Emily Wilson,M,70,L011,4/26/2023
C0308,Youssef Nasser,F,34,L005,11/29/2024
C0309,Mostafa Ali,F,26,L002,5/8/2021
C0310,Mostafa Ali,M,48,L002,2/1/2022
C0311,Michael Johnson,M,29,L009,1/22/2025
C0312,Aisha Salem,F,50,L001,10/18/2021
C0313,Emily Brown,F,43,L008,1/6/2021
C0314,Emily Smith,F,21,L008,6/6/2022
C0315,John Brown,F,34,L008,12/5/2020
C0316,Mohamed Ibrahim,M,64,L002,11/5/2024
C0317,John Davis,M,64,L009,3/15/2025
C0318,Omar Tarek,F,24,L002,7/29/2022
C0319,Emily Taylor,M,66,L007,3/19/2024
C0320,Michael Johnson,F,41,L012,3/4/2022
C0321,Sophia Miller,F,66,L012,11/23/2020
C0322,Emily Taylor,F,27,L011,1/31/2023
C0323,Sara Salem,M,31,L003,11/19/2022
C0324,Omar Salem,M,37,L001,5/1/2025
C0325,Mohamed Tarek,F,,L005,4/1/2025
C0326,David Miller,M,54,L007,3/19/2021
C0327,Mostafa Khaled,F,49,L004,7/29/2023
C0328,Emily Wilson,F,22,L010,1/10/2025
C0329,David Miller,F,45,L008,11/18/2020
C0330,Sophia Williams,F,31,L009,12/5/2020
C0331,Anna Davis,F,40,L010,3/1/2022
C0332,John Taylor,F,29,L012,7/3/2021
C0333,Michael Wilson,M,63,L010,7/21/2024
C0334,Sara Ali,F,34,L005,11/23/2023
C0335,Youssef Ali,F,46,L002,1/15/2023
C0336,Mostafa Tarek,M,40,L002,7/4/2024
C0337,Sara Salem,F,60,L006,3/27/2023
C0338,Omar Khaled,F,42,L003,9/4/2023
C0339,Sophia Smith,M,28,L010,8/25/2024
C0340,John Davis,M,33,L008,11/22/2021
C0341,Mohamed Mahmoud,M,47,L005,12/3/2023
C0342,Anna Williams,F,46,L010,4/12/2022
C0343,Ahmed Tarek,F,69,L006,2/26/2022
C0344,Ahmed Mahmoud,M,19,L006,1/17/2025
C0345,Emma Davis,M,18,L009,9/7/2022
C0346,Mostafa Salem,F,63,L005,9/24/2023
C0347,Emma Taylor,F,30,L009,9/1/2021
C0348,Emma Smith,F,44,L011,10/14/2022
C0349,Sophia Johnson,M,25,L012,12/24/2021
C0350,Youssef Hassan,M,42,L003,10/24/2022
C0351,Robert Johnson,M,28,L008,11/3/2023
C0352,Sara Nasser,M,43,L006,11/9/2024
C0353,John Miller,M,33,L012,5/28/2024
C0354,Mostafa Mahmoud,M,,L006,5/23/2025
C0355,Mostafa Tarek,M,40,L005,1/3/2024
C0356,Youssef Nasser,M,36,L004,6/26/2022
C0357,John Miller,M,51,L010,8/9/2025
C0358,Fatma Salem,F,46,L005,9/10/2023
C0359,Mohamed Salem,M,34,L002,6/10/2023
C0360,Michael Davis,M,60,L008,10/3/2023
C0361,Aisha Ibrahim,M,52,L004,9/5/2021
C0362,John Miller,F,,L009,7/22/2025
C0363,Omar Nasser,F,54,L004,11/27/2020
C0364,Robert Wilson,F,64,L009,7/20/2023
C0365,Robert Williams,M,52,L009,12/1/2023
C0366,John Smith,F,29,L007,2/7/2025
C0367,Sophia Williams,F,31,L009,9/11/2023
C0368,Sophia Davis,F,37,L012,2/1/2021
C0369,John Brown,F,,L010,12/6/2022
C0370,Omar Khaled,M,66,L002,4/3/2025
C0371,David Miller,F,70,L008,5/12/2022
C0372,Sara Mahmoud,F,18,L003,8/6/2023
C0373,Sophia Johnson,F,69,L009,11/25/2024
C0374,Anna Williams,M,32,L011,5/4/2021
C0375,Ahmed Khaled,F,,L002,3/31/2022
C0376,Fatma Hassan,F,70,L002,4/22/2024
C0377,Fatma Ali,M,37,L001,2/10/2023
C0378,Omar Ali,F,34,L003,10/7/2024
C0379,Mostafa Mahmoud,M,53,L005,11/29/2022
C0380,Fatma Hassan,F,35,L004,11/17/2022
C0381,Fatma Khaled,M,26,L004,5/8/2022
C0382,John Davis,F,40,L010,9/26/2023
C0383,Omar Mahmoud,M,39,L003,1/25/2024
C0384,Michael Davis,M,,L010,4/30/2024
C0385,Ahmed Tarek,M,68,L001,7/27/2021
C0386,Sara Mahmoud,M,18,L004,10/14/2021
C0387,Omar Hassan,F,28,L005,7/4/2022
C0388,Omar Salem,F,56,L004,2/24/2024
C0389,Omar Nasser,F,42,L002,2/9/2022
C0390,Fatma Salem,M,42,L006,11/10/2024
C0391,Emily Wilson,M,65,L007,5/22/2024
C0392,Ahmed Salem,F,26,L005,9/19/2021
C0393,Omar Salem,M,59,L006,8/26/2022
C0394,David Davis,F,37,L012,4/17/2025
C0395,Emma Williams,M,25,L008,2/29/2024
C0396,Youssef Salem,M,45,L004,11/6/2024
C0397,Emma Williams,M,63,L007,5/14/2023
C0398,Robert Davis,M,57,L011,7/9/2021
C0399,Anna Davis,M,58,L008,9/13/2023
C0400,David Johnson,F,45,L008,3/8/2024
C0401,Anna Williams,F,56,L009,7/3/2023
C0402,Emma Smith,M,65,L011,12/24/2022
C0403,Sara Khaled,F,64,L004,3/5/2021
C0404,Robert Brown,F,68,L008,1/14/2023
C0405,Emily Taylor,F,27,L011,2/25/2022
C0406,Robert Williams,M,18,L010,2/22/2022
C0407,Michael Davis,F,61,L009,4/15/2022
C0408,Mostafa Khaled,M,43,L003,7/9/2022
C0409,Fatma Hassan,M,60,L003,9/28/2024
C0410,Mostafa Ali,M,41,L003,4/16/2025
C0411,Sara Salem,F,45,L006,2/19/2022
C0412,Anna Johnson,F,27,L009,3/6/2021
C0413,John Smith,M,39,L008,3/2/2025
C0414,Sophia Wilson,M,68,L010,9/1/2020
C0415,Fatma Nasser,M,60,L002,7/11/2021
C0416,John Johnson,M,61,L007,2/13/2023
C0417,Sara Ali,F,68,L004,1/14/2025
C0418,John Taylor,M,34,L008,5/3/2022
C0419,Omar Salem,M,34,L002,7/8/2021
C0420,Mostafa Salem,M,69,L003,3/10/2023
C0421,Aisha Tarek,M,38,L003,1/23/2023
C0422,Fatma Khaled,M,49,L006,8/28/2024
C0423,Fatma Ibrahim,M,20,L002,2/6/2022
C0424,Michael Johnson,F,66,L012,9/28/2023
C0425,Fatma Tarek,M,27,L006,3/9/2021
C0426,Michael Johnson,M,60,L010,1/1/2023
C0427,Ahmed Hassan,M,51,L006,7/27/2025
C0428,Michael Taylor,F,19,L011,10/29/2021
C0429,Omar Salem,M,22,L002,7/2/2024
C0430,Sara Mahmoud,F,20,L005,11/16/2020
C0431,Michael Williams,F,43,L009,10/16/2024
C0432,John Miller,M,58,L010,3/17/2022
C0433,David Williams,M,38,L012,12/26/2022
C0434,Youssef Tarek,F,59,L006,8/26/2023
C0435,David Davis,M,26,L011,1/28/2023
C0436,Robert Wilson,F,62,L009,10/2/2020
C0437,Fatma Ali,F,40,L005,1/3/2022
C0438,Youssef Salem,M,63,L005,3/22/2025
C0439,Mohamed Tarek,M,43,L005,11/12/2022
C0440,Emily Smith,M,42,L007,3/9/2024
C0441,Aisha Mahmoud,M,21,L006,11/4/2021
C0442,Robert Miller,F,64,L009,12/20/2020
C0443,Omar Ali,F,70,L001,7/24/2022
C0444,Sara Tarek,F,23,L002,7/28/2025
C0445,Anna Taylor,M,54,L012,8/31/2022
C0446,Ahmed Salem,M,54,L001,11/21/2020
C0447,Robert Johnson,F,29,L009,2/12/2025
C0448,Youssef Tarek,M,57,L005,8/14/2025
C0449,Ahmed Mahmoud,F,48,L005,10/15/2020
C0450,Aisha Khaled,F,49,L006,4/7/2025
C0451,Youssef Nasser,F,,L002,7/29/2022
C0452,Aisha Ibrahim,F,21,L002,10/21/2020
C0453,Mohamed Tarek,F,32,L002,9/7/2023
C0454,Omar Hassan,F,30,L003,5/6/2024
C0455,Fatma Tarek,F,38,L005,2/10/2022
C0456,Youssef Hassan,F,64,L002,5/5/2024
C0457,Emily Davis,F,38,L011,5/9/2023
C0458,Mohamed Mahmoud,F,23,L005,11/9/2021
C0459,Anna Smith,F,39,L007,10/24/2021
C0460,Michael Miller,F,32,L008,12/6/2021
C0461,Michael Miller,M,30,L008,1/25/2025
C0462,Robert Wilson,M,53,L008,6/18/2024
C0463,Mohamed Khaled,F,47,L004,10/31/2022
C0464,Aisha Nasser,F,25,L004,4/9/2024
C0465,David Taylor,F,57,L008,2/27/2021
C0466,Mostafa Mahmoud,M,57,L006,10/7/2020
C0467,John Brown,M,32,L009,12/24/2023
C0468,Youssef Ibrahim,F,46,L005,10/1/2023
C0469,Fatma Salem,M,21,L004,8/30/2021
C0470,Aisha Ali,F,40,L006,4/14/2025
C0471,Emma Williams,F,54,L007,7/29/2022
C0472,John Johnson,F,35,L007,7/11/2023
C0473,Mostafa Ibrahim,F,31,L003,6/17/2022
C0474,Ahmed Tarek,M,39,L005,11/20/2020
C0475,David Davis,F,31,L009,9/10/2023
C0476,Fatma Ibrahim,M,45,L001,3/5/2022
C0477,Mohamed Nasser,F,60,L006,9/20/2023
C0478,Fatma Salem,M,32,L005,8/9/2023
C0479,Anna Smith,M,,L009,11/14/2021
C0480,Emily Williams,F,66,L010,8/19/2022
C0481,Emma Miller,F,22,L012,9/21/2020
C0482,Fatma Ali,M,26,L003,1/9/2024
C0483,Youssef Nasser,M,58,L002,4/2/2024
C0484,Aisha Ibrahim,F,62,L004,1/16/2024
C0485,Aisha Nasser,M,34,L006,11/24/2022
C0486,Emma Brown,F,48,L012,7/24/2021
C0487,David Taylor,F,67,L011,12/14/2023
C0488,Anna Johnson,M,53,L009,8/20/2021
C0489,Mostafa Hassan,M,65,L001,2/10/2021
C0490,Aisha Khaled,F,67,L003,9/3/2021
C0491,Robert Taylor,M,33,L011,10/21/2022
C0492,Sophia Taylor,F,48,L009,2/26/2022
C0493,Sara Hassan,M,64,L001,5/3/2021
C0494,John Wilson,M,29,L011,8/10/2025
C0495,Fatma Hassan,M,25,L004,6/2/2025
C0496,Mostafa Ibrahim,M,29,L004,12/27/2023
C0497,Sophia Taylor,M,19,L008,1/26/2025
C0498,Emma Brown,M,67,L009,11/28/2021
C0499,Mohamed Salem,M,70,L004,9/21/2024
C0500,Michael Brown,M,47,L011,2/15/2023
C0501,Aisha Salem,M,70,L002,3/15/2024
C0502,Aisha Salem,M,23,L005,6/9/2024
C0503,Anna Wilson,F,56,L011,2/19/2023
C0504,Youssef Mahmoud,M,58,L004,12/17/2023
C0505,Sara Ibrahim,F,43,L002,4/15/2024
C0506,Mostafa Ali,F,29,L004,5/10/2021
C0507,Emily Williams,F,36,L007,12/17/2021
C0508,David Smith,F,,L012,3/14/2023
C0509,Fatma Khaled,F,59,L005,7/14/2024
C0510,Youssef Ali,M,24,L004,2/24/2021
C0511,Robert Wilson,F,39,L008,12/19/2021
C0512,Sophia Miller,F,64,L009,3/23/2022
C0513,Omar Ibrahim,F,23,L005,1/12/2025
C0514,Emma Brown,M,46,L009,1/1/2021
C0515,Anna Wilson,F,23,L008,2/12/2025
C0516,Emma Williams,F,22,L012,10/17/2022
C0517,Emma Miller,M,56,L009,8/24/2022
C0518,Robert Miller,M,19,L011,8/4/2021
C0519,Omar Khaled,F,25,L001,7/28/2024
C0520,Anna Brown,F,31,L011,7/18/2025
C0521,Aisha Salem,F,70,L003,10/27/2021
C0522,Robert Brown,M,66,L009,8/22/2024
C0523,Sophia Brown,M,58,L011,3/20/2022
C0524,Fatma Khaled,F,48,L002,3/7/2023
C0525,Mohamed Ali,F,23,L006,6/6/2024
C0526,Anna Miller,M,46,L008,8/8/2025
C0527,Youssef Nasser,F,58,L002,8/5/2025
C0528,John Davis,F,70,L009,7/28/2025
C0529,Mohamed Khaled,F,66,L003,1/29/2025
C0530,Mohamed Nasser,M,52,L005,10/12/2023
C0531,Aisha Tarek,M,47,L002,11/30/2021
C0532,Sara Khaled,M,28,L005,1/12/2022
C0533,Mohamed Ali,M,24,L001,2/23/2022
C0534,Ahmed Nasser,F,66,L006,2/18/2022
C0535,David Johnson,M,39,L008,5/3/2023
C0536,Sophia Brown,F,44,L007,9/13/2021
C0537,Sara Tarek,M,22,L006,11/8/2022
C0538,David Brown,F,48,L011,12/21/2020
C0539,John Taylor,F,53,L011,5/18/2021
C0540,Robert Davis,M,69,L009,1/20/2022
C0541,Mostafa Tarek,F,40,L005,6/5/2024
C0542,Aisha Khaled,F,63,L001,5/18/2022
C0543,Emma Miller,F,29,L009,3/22/2022
C0544,Sara Ali,M,66,L006,1/27/2022
C0545,Michael Miller,M,40,L008,11/21/2021
C0546,Sophia Brown,M,62,L007,6/24/2023
C0547,Omar Ali,M,38,L004,1/20/2023
C0548,David Wilson,F,34,L012,5/14/2025
C0549,Youssef Tarek,F,37,L003,4/16/2021
C0550,Anna Davis,M,23,L011,9/16/2021
C0551,John Smith,F,70,L010,4/19/2024
C0552,Omar Tarek,M,58,L004,8/31/2020
C0553,Mohamed Hassan,F,41,L001,4/21/2022
C0554,Anna Williams,F,33,L012,1/20/2025
C0555,Emma Brown,M,55,L008,3/4/2022
C0556,Mohamed Hassan,M,23,L006,10/23/2022
C0557,Mohamed Tarek,M,40,L002,2/27/2023
C0558,Robert Miller,F,40,L007,5/22/2025
C0559,Aisha Salem,F,28,L006,6/24/2021
C0560,Robert Miller,F,31,L012,5/19/2024
C0561,Youssef Tarek,M,63,L001,10/22/2021
C0562,Mostafa Salem,M,44,L001,2/9/2022
C0563,Youssef Ibrahim,F,70,L003,9/28/2023
C0564,Michael Smith,M,41,L012,4/30/2021
C0565,Sara Khaled,F,47,L003,9/14/2024
C0566,Sophia Miller,M,24,L012,1/28/2021
C0567,Omar Ali,F,19,L005,10/22/2022
C0568,Aisha Hassan,F,29,L002,5/27/2024
C0569,David Miller,F,46,L007,10/31/2024
C0570,Youssef Ali,M,56,L004,11/29/2023
C0571,Michael Miller,M,36,L012,11/11/2020
C0572,Sophia Johnson,M,67,L012,10/24/2020
C0573,Fatma Nasser,M,,L002,12/3/2021
C0574,Mostafa Khaled,M,65,L006,3/13/2024
C0575,Sara Tarek,F,43,L003,6/8/2025
C0576,Emily Brown,M,49,L008,8/4/2024
C0577,Sophia Johnson,F,59,L009,12/24/2020
C0578,Emma Johnson,M,52,L010,9/25/2022
C0579,David Williams,F,31,L007,1/21/2021
C0580,David Smith,M,53,L007,7/2/2025
C0581,Anna Johnson,M,56,L008,2/22/2024
C0582,Sara Tarek,M,60,L001,9/9/2020
C0583,Mostafa Salem,F,20,L006,7/12/2021
C0584,Aisha Mahmoud,F,70,L005,1/18/2025
C0585,Ahmed Ibrahim,M,,L001,11/21/2020
C0586,Ahmed Salem,M,,L001,10/8/2020
C0587,Mohamed Salem,F,68,L001,11/1/2022
C0588,Aisha Tarek,F,69,L004,4/20/2025
C0589,Fatma Mahmoud,M,66,L001,9/24/2023
C0590,Anna Johnson,F,57,L010,8/30/2023
C0591,Fatma Ibrahim,M,59,L001,11/22/2020
C0592,Emily Wilson,M,32,L011,9/10/2024
C0593,Ahmed Nasser,M,32,L005,8/15/2025
C0594,Sophia Williams,M,53,L009,9/2/2021
C0595,Mohamed Khaled,M,66,L005,7/30/2024
C0596,Fatma Hassan,M,50,L005,6/27/2023
C0597,Emma Williams,M,54,L010,8/15/2022
C0598,Mostafa Tarek,M,70,L004,10/19/2024
C0599,Sara Nasser,F,39,L004,12/25/2020
C0600,Robert Miller,M,22,L009,9/8/2022
C0601,Sophia Smith,F,66,L007,6/19/2021
C0602,Mohamed Tarek,F,31,L002,2/23/2021
C0603,Aisha Mahmoud,M,54,L002,10/6/2020
C0604,Emma Miller,M,23,L009,9/7/2024
C0605,Aisha Ibrahim,F,56,L001,3/4/2022
C0606,John Smith,F,28,L011,12/6/2021
C0607,Emily Wilson,M,29,L011,9/15/2020
C0608,Ahmed Khaled,F,48,L003,9/17/2023
C0609,Anna Smith,M,69,L010,12/4/2024
C0610,Anna Williams,M,21,L009,5/8/2025
C0611,Aisha Nasser,M,65,L001,7/11/2023
C0612,Mohamed Ibrahim,M,18,L006,12/10/2024
C0613,Aisha Tarek,F,27,L001,1/19/2025
C0614,Emily Wilson,M,48,L011,3/14/2024
C0615,Mohamed Tarek,F,61,L003,10/1/2020
C0616,Sara Tarek,M,46,L003,6/29/2024
C0617,Anna Davis,F,58,L007,4/9/2023
C0618,Emily Davis,F,42,L010,11/30/2020
C0619,Youssef Hassan,F,41,L005,11/29/2021
C0620,John Taylor,F,36,L009,4/10/2023
C0621,Sara Salem,F,30,L006,7/27/2024
C0622,Aisha Ibrahim,M,20,L004,8/28/2024
C0623,Aisha Mahmoud,M,48,L001,10/19/2023
C0624,Aisha Hassan,M,38,L003,5/6/2024
C0625,Aisha Ali,F,70,L005,1/19/2025
C0626,Youssef Tarek,F,44,L003,11/7/2020
C0627,David Johnson,F,21,L007,12/10/2023
C0628,Mohamed Salem,M,30,L006,8/28/2021
C0629,Sophia Taylor,F,,L007,7/13/2025
C0630,Aisha Ali,M,38,L001,10/17/2023
C0631,John Davis,F,57,L012,12/17/2024
C0632,Omar Salem,M,42,L001,11/15/2020
C0633,Anna Brown,M,44,L010,6/22/2024
C0634,Aisha Nasser,M,41,L002,10/20/2021
C0635,David Taylor,F,69,L008,12/12/2020
C0636,Youssef Khaled,F,53,L006,9/7/2023
C0637,Robert Johnson,F,57,L007,7/22/2021
C0638,Aisha Hassan,M,36,L002,1/19/2025
C0639,David Smith,M,53,L009,3/5/2024
C0640,Youssef Tarek,F,54,L003,9/11/2020
C0641,Mostafa Salem,F,56,L004,8/29/2024
C0642,Sophia Davis,F,55,L007,3/21/2023
C0643,Anna Taylor,M,18,L010,3/20/2022
C0644,Emma Davis,F,38,L009,4/12/2025
C0645,Emily Wilson,F,23,L007,11/24/2023
C0646,Anna Smith,M,43,L007,12/18/2021
C0647,John Johnson,M,51,L011,2/11/2024
C0648,Aisha Mahmoud,F,42,L005,4/26/2021
C0649,Sophia Brown,M,27,L007,4/29/2024
C0650,Fatma Hassan,F,48,L006,8/19/2023
C0651,Robert Brown,F,42,L011,5/17/2024
C0652,Sophia Johnson,M,,L011,5/3/2025
C0653,Fatma Nasser,M,59,L002,4/30/2024
C0654,Omar Ali,F,45,L006,10/13/2021
C0655,Anna Brown,F,40,L009,7/2/2024
C0656,Sara Nasser,F,56,L002,1/17/2024
C0657,Emily Miller,M,25,L010,4/30/2021
C0658,David Williams,F,34,L011,1/24/2021
C0659,Fatma Khaled,M,68,L004,6/7/2021
C0660,Youssef Salem,F,65,L002,10/27/2020
C0661,Anna Johnson,F,56,L012,10/15/2022
C0662,Robert Miller,M,49,L012,12/3/2022
C0663,Emma Miller,M,47,L011,5/11/2023
C0664,Sophia Smith,F,27,L009,2/26/2025
C0665,Emma Davis,M,50,L009,8/28/2023
C0666,Anna Davis,M,20,L009,12/10/2022
C0667,Ahmed Salem,F,63,L002,11/14/2024
C0668,Michael Wilson,F,54,L008,9/2/2020
C0669,Ahmed Hassan,F,35,L001,5/11/2025
C0670,Emma Taylor,F,23,L007,10/7/2020
C0671,Mohamed Nasser,M,53,L001,12/4/2023
C0672,Sara Khaled,F,50,L005,8/29/2022
C0673,Emma Wilson,M,39,L009,12/3/2022
C0674,Sophia Johnson,F,51,L012,4/27/2021
C0675,Fatma Khaled,M,,L001,7/20/2024
C0676,Ahmed Mahmoud,M,29,L004,5/10/2021
C0677,Emily Davis,M,26,L008,10/18/2021
C0678,Mostafa Mahmoud,M,52,L001,7/25/2025
C0679,Robert Wilson,M,,L010,6/17/2021
C0680,Robert Wilson,M,19,L008,1/27/2022
C0681,John Wilson,M,69,L009,7/2/2024
C0682,Mostafa Khaled,F,35,L005,12/7/2024
C0683,Aisha Ali,M,30,L004,7/5/2023
C0684,Mohamed Nasser,M,39,L002,1/23/2025
C0685,Fatma Khaled,M,48,L005,8/3/2023
C0686,Youssef Ali,M,51,L002,4/22/2023
C0687,Mostafa Hassan,F,32,L001,5/11/2022
C0688,Robert Davis,F,31,L012,12/9/2023
C0689,Youssef Salem,F,21,L002,9/18/2023
C0690,Anna Wilson,M,22,L012,12/19/2022
C0691,Mohamed Khaled,F,62,L001,4/17/2023
C0692,Robert Miller,F,18,L009,2/22/2023
C0693,Emma Miller,F,33,L009,10/16/2021
C0694,John Williams,F,51,L011,3/3/2022
C0695,Sara Mahmoud,M,27,L006,12/25/2022
C0696,Sophia Wilson,F,60,L008,1/31/2025
C0697,Mostafa Khaled,M,50,L003,3/17/2024
C0698,John Miller,M,20,L007,9/11/2021
C0699,Sara Khaled,M,65,L004,8/15/2022
C0700,David Smith,F,20,L010,5/16/2023
C0701,Youssef Nasser,M,49,L003,2/2/2023
C0702,Fatma Khaled,F,39,L002,1/12/2022
C0703,John Smith,F,49,L010,1/3/2025
C0704,Ahmed Hassan,F,48,L003,3/4/2022
C0705,Omar Hassan,M,40,L001,10/14/2020
C0706,Anna Smith,F,32,L011,6/10/2021
C0707,David Smith,M,31,L008,7/20/2022
C0708,Aisha Khaled,M,20,L002,2/9/2021
C0709,Sara Khaled,F,67,L006,11/12/2020
C0710,Emily Williams,M,51,L010,2/25/2024
C0711,Mohamed Ibrahim,M,36,L006,3/22/2025
C0712,Sara Tarek,M,54,L005,5/24/2023
C0713,Michael Brown,F,56,L008,5/5/2021
C0714,Robert Johnson,F,65,L007,5/8/2024
C0715,Sara Ali,M,27,L001,9/11/2024
C0716,Robert Johnson,M,60,L007,10/16/2021
C0717,Mohamed Ali,M,48,L004,9/11/2020
C0718,Anna Miller,M,45,L009,11/11/2023
C0719,Sara Hassan,M,38,L005,1/9/2025
C0720,David Taylor,F,18,L010,12/1/2021
C0721,Anna Brown,M,48,L010,11/16/2022
C0722,Robert Johnson,M,22,L010,4/22/2023
C0723,John Williams,M,67,L007,8/27/2022
C0724,Ahmed Mahmoud,M,62,L006,5/17/2024
C0725,John Williams,M,52,L007,6/16/2021
C0726,Anna Miller,F,21,L011,5/20/2021
C0727,Aisha Nasser,M,29,L005,12/9/2024
C0728,Emily Wilson,F,37,L011,11/18/2020
C0729,Emma Smith,M,55,L012,5/29/2024
C0730,Ahmed Ibrahim,M,30,L001,5/27/2025
C0731,Michael Williams,M,18,L009,8/16/2023
C0732,John Miller,F,33,L007,11/23/2022
C0733,Sophia Davis,M,42,L008,11/3/2024
C0734,Ahmed Khaled,F,33,L001,7/7/2023
C0735,Anna Wilson,F,55,L012,12/12/2024
C0736,John Smith,F,51,L012,9/8/2023
C0737,Youssef Tarek,F,20,L003,5/13/2021
C0738,Sara Salem,M,60,L002,10/3/2023
C0739,Michael Johnson,M,65,L007,6/4/2024
C0740,Emily Smith,F,45,L007,9/29/2022
C0741,Mohamed Ali,F,18,L005,4/8/2024
C0742,Mohamed Tarek,F,60,L004,10/4/2023
C0743,Omar Hassan,F,26,L005,9/19/2020
C0744,Robert Wilson,M,25,L010,3/15/2024
C0745,Emma Davis,M,19,L007,1/15/2023
C0746,Emma Davis,M,65,L010,6/7/2023
C0747,Anna Miller,F,,L007,2/1/2024
C0748,Aisha Salem,M,29,L002,8/16/2021
C0749,Sara Ibrahim,F,26,L006,7/4/2024
C0750,Anna Taylor,F,34,L011,10/15/2020
C0751,Robert Williams,F,31,L008,4/10/2024
C0752,Robert Williams,F,63,L012,2/12/2024
C0753,Mohamed Mahmoud,F,64,L005,1/21/2024
C0754,Emily Johnson,F,61,L012,1/26/2025
C0755,Robert Wilson,M,25,L008,6/23/2022
C0756,Aisha Mahmoud,F,,L003,3/26/2024
C0757,Aisha Salem,F,34,L002,1/12/2025
C0758,Omar Ali,F,70,L002,5/12/2024
C0759,Sara Mahmoud,F,37,L003,10/12/2021
C0760,Ahmed Nasser,M,18,L001,11/23/2023
C0761,Aisha Ali,F,20,L001,2/3/2025
C0762,Emily Davis,M,48,L011,4/6/2021
C0763,Sara Khaled,M,60,L005,4/20/2021
C0764,Sophia Smith,F,21,L011,10/26/2024
C0765,Mohamed Khaled,M,49,L004,2/25/2023
C0766,Aisha Nasser,F,30,L006,1/19/2023
C0767,Sophia Wilson,M,42,L012,3/5/2024
C0768,Anna Brown,F,68,L007,8/12/2024
C0769,Omar Ali,F,34,L003,6/7/2022
C0770,Emma Davis,F,53,L009,12/13/2024
C0771,Robert Johnson,M,24,L012,10/23/2023
C0772,Youssef Ibrahim,F,62,L002,1/27/2021
C0773,John Smith,F,58,L009,6/7/2021
C0774,David Smith,F,39,L010,5/31/2023
C0775,Mohamed Nasser,F,58,L002,6/12/2023
C0776,Michael Williams,F,64,L007,4/6/2025
C0777,Mohamed Salem,F,22,L005,7/13/2024
C0778,Sara Nasser,M,21,L003,4/3/2023
C0779,Ahmed Tarek,F,53,L005,2/6/2023
C0780,Emily Wilson,M,39,L010,1/19/2021
C0781,Emma Johnson,M,61,L008,7/23/2022
C0782,Sara Hassan,M,56,L004,8/30/2024
C0783,Mostafa Khaled,F,43,L003,11/29/2020
C0784,Michael Miller,M,66,L011,3/22/2024
C0785,Emma Taylor,F,54,L008,12/31/2023
C0786,Mostafa Ibrahim,M,26,L004,5/22/2023
C0787,Emily Brown,F,49,L009,11/27/2021
C0788,Emma Brown,M,,L007,7/23/2022
C0789,Aisha Salem,F,26,L004,6/18/2021
C0790,David Smith,M,25,L007,10/18/2024
C0791,Ahmed Khaled,F,28,L003,7/24/2022
C0792,Emily Johnson,F,20,L008,5/18/2022
C0793,John Miller,M,,L012,5/12/2022
C0794,Mohamed Nasser,M,66,L006,6/24/2022
C0795,Sara Nasser,M,41,L001,5/9/2021
C0796,Fatma Khaled,F,52,L006,2/1/2025
C0797,John Smith,M,27,L011,12/25/2020
C0798,Michael Miller,F,27,L011,8/7/2022
C0799,Robert Brown,M,52,L009,10/4/2020
C0800,Aisha Tarek,M,66,L006,11/2/2022
C0801,Emma Miller,F,28,L007,1/26/2021
C0802,Robert Smith,M,49,L012,10/20/2023
C0803,Mostafa Ibrahim,F,41,L004,1/15/2025
C0804,Mohamed Nasser,F,66,L004,7/16/2024
C0805,Michael Davis,F,53,L008,12/8/2024
C0806,Mohamed Tarek,F,39,L002,10/14/2020
C0807,Ahmed Mahmoud,F,49,L001,8/4/2023
C0808,Sophia Wilson,F,30,L009,2/29/2024
C0809,Sara Khaled,F,27,L003,7/22/2022
C0810,Omar Khaled,M,33,L005,5/27/2021
C0811,Emily Wilson,F,36,L008,5/20/2025
C0812,Mohamed Ibrahim,M,50,L005,7/17/2024
C0813,David Johnson,F,64,L010,8/11/2023
C0814,Aisha Salem,F,30,L005,12/30/2024
C0815,Youssef Ali,M,48,L005,3/24/2021
C0816,Omar Ali,F,27,L002,5/19/2024
C0817,Sara Salem,F,46,L002,1/8/2022
C0818,Sophia Johnson,F,66,L012,10/8/2023
C0819,David Johnson,M,67,L011,10/16/2021
C0820,Omar Nasser,M,61,L006,5/2/2023
C0821,Aisha Ibrahim,F,60,L003,3/30/2021
C0822,Emily Wilson,F,35,L007,4/19/2024
C0823,Emma Wilson,M,33,L007,5/16/2023
C0824,David Williams,M,35,L012,12/24/2020
C0825,Robert Miller,F,,L009,7/18/2023
C0826,Michael Brown,F,41,L007,1/16/2023
C0827,Sara Khaled,F,40,L002,3/26/2023
C0828,Omar Mahmoud,F,24,L002,8/6/2024
C0829,Emily Johnson,M,48,L011,7/19/2024
C0830,Omar Khaled,M,32,L001,7/24/2023
C0831,Emily Johnson,M,54,L012,3/10/2023
C0832,Ahmed Nasser,M,32,L006,8/18/2021
C0833,Mohamed Mahmoud,M,64,L005,12/17/2020
C0834,Aisha Tarek,F,24,L006,1/8/2021
C0835,Omar Mahmoud,F,25,L002,6/18/2022
C0836,Aisha Salem,M,60,L001,1/30/2025
C0837,Mohamed Tarek,F,61,L005,6/16/2021
C0838,Youssef Salem,F,67,L005,7/27/2024
C0839,Robert Miller,F,70,L011,4/9/2025
C0840,Mohamed Mahmoud,F,32,L001,10/13/2024
C0841,Mohamed Hassan,M,54,L002,5/18/2024
C0842,John Taylor,M,27,L010,11/4/2020
C0843,David Wilson,F,58,L007,12/20/2022
C0844,Michael Smith,M,56,L010,12/20/2024
C0845,David Johnson,M,36,L007,8/3/2022
C0846,Fatma Mahmoud,F,40,L001,9/22/2020
C0847,Sophia Wilson,M,53,L010,3/26/2025
C0848,David Smith,M,59,L009,3/23/2025
C0849,Emily Williams,M,20,L009,2/7/2025
C0850,Youssef Hassan,M,25,L005,9/16/2020
C0851,John Wilson,F,65,L011,12/13/2023
C0852,Ahmed Hassan,M,20,L005,1/13/2025
C0853,David Wilson,F,27,L010,8/12/2025
C0854,Ahmed Tarek,F,39,L002,9/17/2021
C0855,Mostafa Ali,F,59,L006,3/27/2025
C0856,David Brown,M,60,L007,4/2/2024
C0857,Michael Miller,M,36,L012,5/15/2022
C0858,Emily Davis,F,,L010,8/7/2023
C0859,Mostafa Ibrahim,F,40,L001,4/4/2022
C0860,Mohamed Salem,M,54,L003,10/19/2023
C0861,Mohamed Nasser,F,38,L002,6/8/2024
C0862,Ahmed Nasser,F,45,L004,6/6/2025
C0863,Emma Davis,M,53,L007,3/17/2024
C0864,Sophia Brown,F,30,L011,12/16/2021
C0865,Omar Tarek,F,22,L004,11/22/2022
C0866,Ahmed Mahmoud,M,22,L002,10/3/2023
C0867,Ahmed Mahmoud,F,24,L001,10/24/2024
C0868,Robert Davis,F,44,L008,9/14/2021
C0869,Youssef Ibrahim,F,38,L006,6/27/2024
C0870,John Johnson,F,42,L007,6/4/2023
C0871,John Taylor,F,30,L007,10/8/2023
C0872,Omar Khaled,F,48,L004,8/3/2023
C0873,Sophia Taylor,F,35,L010,3/26/2025
C0874,Mohamed Khaled,M,60,L005,6/25/2024
C0875,Emily Brown,F,45,L012,3/16/2025
C0876,Anna Smith,F,28,L008,8/15/2021
C0877,Sophia Smith,M,58,L010,9/5/2024
C0878,John Wilson,M,36,L008,8/25/2024
C0879,Youssef Ibrahim,F,18,L004,3/14/2021
C0880,Ahmed Mahmoud,M,39,L002,1/14/2021
C0881,Fatma Mahmoud,F,63,L006,12/16/2020
C0882,Emily Johnson,M,32,L009,3/5/2025
C0883,Emily Brown,F,61,L010,9/6/2021
C0884,Sara Khaled,M,45,L004,9/29/2021
C0885,Mohamed Salem,F,21,L004,1/12/2024
C0886,David Wilson,F,40,L010,3/16/2021
C0887,Sophia Williams,M,45,L011,5/20/2024
C0888,Sara Mahmoud,M,63,L006,4/2/2025
C0889,Sophia Williams,M,50,L008,1/21/2024
C0890,Ahmed Tarek,F,,L002,5/8/2023
C0891,Youssef Ali,F,60,L001,6/10/2022
C0892,Mohamed Salem,M,30,L003,6/22/2023
C0893,David Johnson,F,34,L010,2/19/2022
C0894,David Smith,M,53,L008,8/2/2025
C0895,Mostafa Nasser,F,56,L005,7/17/2025
C0896,Anna Williams,F,52,L007,12/20/2022
C0897,Mohamed Tarek,M,35,L006,7/11/2021
C0898,Sophia Johnson,M,48,L010,9/28/2020
C0899,Youssef Khaled,F,69,L002,5/1/2021
C0900,Mostafa Ibrahim,F,24,L004,1/1/2023
C0901,Mohamed Ibrahim,F,35,L004,10/30/2023
C0902,Mohamed Salem,M,59,L006,11/1/2020
C0903,Sara Mahmoud,M,63,L001,9/20/2023
C0904,Robert Brown,F,33,L012,7/27/2025
C0905,David Johnson,F,35,L010,5/7/2024
C0906,Youssef Mahmoud,F,,L006,2/17/2024
C0907,Robert Smith,F,45,L007,9/7/2020
C0908,Anna Davis,F,,L012,11/17/2021
C0909,Ahmed Hassan,M,50,L006,6/12/2023
C0910,Michael Miller,M,,L007,5/12/2022
C0911,David Taylor,M,65,L010,7/20/2021
C0912,Anna Smith,F,25,L007,8/31/2022
C0913,Mostafa Khaled,M,23,L004,12/19/2024
C0914,Omar Ali,M,47,L006,11/24/2022
C0915,Ahmed Nasser,F,55,L003,5/24/2022
C0916,Mohamed Mahmoud,M,69,L002,4/14/2021
C0917,Sara Ibrahim,F,22,L001,7/31/2024
C0918,Robert Davis,F,21,L008,8/2/2023
C0919,Anna Taylor,M,24,L009,2/13/2025
C0920,Fatma Hassan,M,30,L003,11/23/2023
C0921,Aisha Khaled,M,47,L002,4/8/2021
C0922,Sara Ali,F,40,L005,8/2/2022
C0923,Fatma Ibrahim,M,41,L005,9/4/2022
C0924,Fatma Ibrahim,F,46,L006,5/30/2024
C0925,John Smith,M,53,L012,2/7/2024
C0926,Mostafa Khaled,F,18,L004,6/17/2023
C0927,Mohamed Hassan,M,48,L004,2/1/2023
C0928,Robert Wilson,F,41,L008,11/10/2023
C0929,John Taylor,M,29,L008,6/2/2021
C0930,Ahmed Nasser,F,62,L001,10/6/2020
C0931,Youssef Tarek,M,38,L005,2/28/2023
C0932,Robert Johnson,F,59,L007,4/2/2021
C0933,Fatma Mahmoud,F,39,L001,1/4/2021
C0934,Omar Mahmoud,M,57,L005,8/2/2022
C0935,Sara Khaled,M,41,L006,7/10/2022
C0936,Sophia Wilson,F,21,L010,8/4/2024
C0937,Fatma Nasser,M,30,L006,4/30/2023
C0938,Ahmed Ali,M,57,L006,9/15/2023
C0939,Sophia Wilson,F,,L007,10/23/2024
C0940,Emily Smith,M,33,L009,2/9/2021
C0941,Aisha Ali,F,52,L001,5/9/2022
C0942,Sara Hassan,F,66,L001,9/12/2021
C0943,Sara Khaled,M,39,L005,4/19/2023
C0944,Anna Smith,F,32,L012,9/29/2023
C0945,Mohamed Nasser,F,,L006,1/25/2025
C0946,Sara Salem,M,20,L006,1/26/2024
C0947,Emma Williams,F,30,L007,12/6/2022
C0948,Mohamed Hassan,F,55,L004,8/17/2023
C0949,Emma Miller,M,61,L009,8/12/2021
C0950,Anna Brown,F,60,L012,12/27/2023
C0951,Michael Wilson,M,50,L008,5/9/2024
C0952,Sara Ibrahim,F,68,L003,12/21/2022
C0953,Robert Brown,F,31,L010,9/21/2024
C0954,Michael Smith,M,35,L008,4/19/2021
C0955,Emma Davis,F,49,L007,9/23/2022
C0956,Emma Davis,M,35,L009,7/22/2024
C0957,Sophia Wilson,M,45,L009,10/16/2020
C0958,Michael Smith,M,41,L007,10/21/2020
C0959,Ahmed Ali,F,63,L004,7/12/2021
C0960,Aisha Khaled,F,43,L001,9/18/2024
C0961,David Davis,F,31,L011,7/17/2024
C0962,Mostafa Ibrahim,M,22,L001,10/23/2023
C0963,Ahmed Ibrahim,F,43,L005,7/21/2021
C0964,John Davis,F,61,L010,4/3/2024
C0965,Sara Hassan,F,,L003,5/11/2022
C0966,Sara Salem,M,59,L006,9/4/2024
C0967,Mohamed Salem,M,29,L004,4/5/2022
C0968,Mohamed Ali,M,31,L005,7/10/2025
C0969,Anna Williams,F,32,L012,5/10/2022
C0970,David Taylor,M,62,L011,5/4/2022
C0971,Robert Wilson,F,69,L010,9/4/2021
C0972,Fatma Nasser,M,64,L005,6/20/2025
C0973,David Johnson,M,25,L007,5/7/2024
C0974,Mohamed Ibrahim,M,59,L004,10/7/2022
C0975,Aisha Khaled,M,28,L005,3/12/2025
C0976,Emma Johnson,F,38,L010,5/4/2025
C0977,John Taylor,M,56,L010,10/17/2022
C0978,Robert Brown,F,33,L012,8/16/2022
C0979,Ahmed Ibrahim,M,67,L004,7/22/2021
C0980,Mostafa Mahmoud,M,46,L003,7/7/2023
C0981,Michael Wilson,F,61,L009,10/15/2020
C0982,David Brown,F,56,L008,5/12/2025
C0983,Fatma Khaled,M,18,L004,1/23/2024
C0984,Youssef Salem,M,54,L002,6/12/2021
C0985,Youssef Hassan,F,32,L002,10/28/2023
C0986,Mohamed Salem,M,40,L005,5/19/2023
C0987,Robert Smith,M,66,L011,10/16/2021
C0988,Michael Johnson,F,,L012,8/7/2025
C0989,Ahmed Hassan,M,63,L006,6/13/2022
C0990,Emma Wilson,M,69,L010,10/21/2020
C0991,Michael Davis,F,51,L008,10/28/2020
C0992,Youssef Tarek,F,41,L005,11/6/2024
C0993,Ahmed Hassan,M,70,L004,7/30/2024
C0994,Omar Ibrahim,F,58,L005,10/29/2021
C0995,Aisha Ali,M,33,L002,8/17/2024
C0996,Emily Miller,F,54,L008,1/15/2024
C0997,Robert Taylor,M,32,L011,2/8/2021
C0998,Anna Williams,M,50,L012,5/6/2021
C0999,Sophia Williams,F,60,L012,12/4/2021
C1000,Omar Ali,M,46,L003,7/16/2025
C1001,Youssef Tarek,M,40,L006,10/30/2021
C1002,Mohamed Hassan,M,20,L001,8/25/2023
C1003,Emma Miller,F,51,L011,5/28/2021
C1004,Aisha Tarek,M,41,L004,9/1/2024
C1005,John Davis,M,55,L009,10/20/2022
C1006,Aisha Nasser,F,45,L001,3/1/2022
C1007,Sara Mahmoud,M,56,L002,2/29/2024
C1008,David Smith,F,29,L009,5/11/2023
C1009,Mostafa Nasser,M,39,L002,7/4/2025
C1010,John Brown,F,69,L010,5/31/2022
C1011,Emily Brown,F,55,L010,4/15/2021
C1012,Sophia Taylor,M,35,L012,2/26/2021
C1013,Omar Tarek,F,59,L004,7/16/2025
C1014,David Smith,M,42,L007,6/30/2021
C1015,Anna Miller,M,39,L007,7/7/2021
C1016,Michael Taylor,M,20,L011,9/25/2022
C1017,Mohamed Ali,F,59,L002,6/21/2024
C1018,Sophia Johnson,M,35,L012,10/19/2023
C1019,John Taylor,M,58,L007,12/15/2022
C1020,Omar Ibrahim,M,30,L004,8/11/2025
C1021,Emma Smith,F,63,L012,11/18/2022
C1022,Aisha Ibrahim,M,20,L004,12/9/2023
C1023,Emily Wilson,F,69,L011,11/13/2020
C1024,Mostafa Salem,M,45,L002,12/28/2021
C1025,Aisha Mahmoud,F,29,L002,4/6/2025
C1026,Mohamed Hassan,F,42,L004,12/4/2024
C1027,Sophia Smith,M,44,L007,2/2/2021
C1028,John Williams,F,29,L007,12/18/2023
C1029,Emma Davis,M,34,L010,12/28/2023
C1030,Sophia Smith,F,24,L012,1/9/2023
C1031,David Davis,M,53,L007,11/4/2023
C1032,Aisha Hassan,M,68,L005,3/9/2024
C1033,Anna Brown,F,61,L008,9/2/2022
C1034,Ahmed Nasser,F,42,L005,11/13/2023
C1035,Aisha Khaled,F,58,L006,6/12/2025
C1036,Ahmed Khaled,F,27,L002,1/14/2021
C1037,John Wilson,F,28,L009,3/2/2022
C1038,Mostafa Ibrahim,M,26,L006,4/19/2022
C1039,Mostafa Mahmoud,M,32,L003,11/13/2024
C1040,Mohamed Salem,F,31,L006,2/27/2025
C1041,Omar Ibrahim,F,51,L006,4/6/2025
C1042,John Williams,F,37,L011,12/26/2022
C1043,Fatma Ibrahim,F,26,L004,8/18/2024
C1044,Sara Hassan,F,43,L002,4/7/2023
C1045,Emily Johnson,M,19,L010,1/18/2023
C1046,Mostafa Salem,M,24,L002,10/5/2020
C1047,Ahmed Salem,M,24,L006,10/26/2021
C1048,Omar Hassan,F,27,L005,11/17/2023
C1049,Emma Taylor,M,38,L012,4/30/2022
C1050,Omar Hassan,M,48,L005,11/27/2022
C1051,Ahmed Mahmoud,F,50,L003,7/4/2021
C1052,David Miller,M,51,L008,7/9/2021
C1053,Sophia Davis,F,59,L012,11/22/2023
C1054,Omar Khaled,M,52,L004,6/16/2025
C1055,Ahmed Ibrahim,M,,L001,11/17/2024
C1056,Aisha Mahmoud,M,65,L005,12/13/2021
C1057,Aisha Tarek,M,63,L006,7/8/2024
C1058,Anna Wilson,F,49,L012,2/23/2021
C1059,Mohamed Hassan,F,46,L006,9/7/2020
C1060,Mostafa Khaled,F,48,L002,2/6/2024
C1061,Anna Smith,M,29,L008,6/30/2022
C1062,Michael Brown,F,51,L009,8/15/2024
C1063,John Davis,F,43,L010,2/18/2023
C1064,Fatma Hassan,M,30,L004,2/25/2022
C1065,Ahmed Ali,M,68,L006,5/17/2024
C1066,Michael Brown,M,70,L009,4/29/2023
C1067,Anna Smith,F,59,L007,12/3/2020
C1068,David Miller,F,45,L011,3/10/2024
C1069,Michael Taylor,M,22,L007,3/2/2022
C1070,Youssef Salem,M,25,L005,7/5/2022
C1071,Youssef Hassan,F,21,L001,5/23/2024
C1072,Robert Brown,M,30,L007,3/9/2025
C1073,Omar Salem,M,25,L001,3/8/2024
C1074,Youssef Khaled,F,67,L006,9/2/2020
C1075,Emma Taylor,F,57,L009,10/21/2021
C1076,Sophia Davis,F,65,L007,6/4/2025
C1077,John Miller,M,18,L009,5/24/2025
C1078,Youssef Ibrahim,F,64,L001,9/15/2021
C1079,Mohamed Hassan,M,,L001,10/1/2022
C1080,Sophia Johnson,F,69,L007,4/26/2022
C1081,Emma Miller,F,,L008,4/30/2024
C1082,Sophia Williams,F,56,L011,12/30/2020
C1083,Aisha Khaled,F,36,L005,2/18/2024
C1084,Mostafa Ali,M,,L003,1/1/2023
C1085,Emily Miller,M,61,L007,11/3/2022
C1086,Emma Williams,M,62,L010,9/7/2022
C1087,Youssef Salem,M,46,L001,4/24/2024
C1088,Omar Khaled,M,21,L005,7/9/2023
C1089,David Wilson,F,42,L011,2/13/2025
C1090,Aisha Salem,F,,L001,10/28/2024
C1091,Emma Taylor,M,46,L009,5/3/2023
C1092,Sophia Taylor,M,23,L007,12/24/2020
C1093,John Williams,F,66,L008,5/1/2022
C1094,Sara Hassan,F,49,L001,4/13/2025
C1095,Mohamed Mahmoud,M,24,L006,12/14/2024
C1096,Youssef Ibrahim,F,33,L002,3/30/2022
C1097,Emily Smith,M,42,L007,8/9/2025
C1098,Anna Brown,M,25,L009,7/11/2021
C1099,Robert Wilson,M,49,L009,6/25/2025
C1100,Sara Khaled,M,30,L002,3/14/2022
C1101,Sara Ibrahim,M,21,L002,1/23/2022
C1102,Omar Salem,M,48,L006,6/18/2024
C1103,Michael Williams,M,20,L011,2/25/2021
C1104,Michael Brown,M,67,L011,1/28/2023
C1105,David Wilson,F,36,L009,9/27/2020
C1106,Fatma Ibrahim,F,55,L002,3/5/2023
C1107,John Miller,F,58,L007,12/19/2023
C1108,Emily Davis,M,65,L007,4/7/2021
C1109,Emily Williams,M,44,L009,11/3/2023
C1110,Youssef Khaled,F,56,L004,8/12/2024
C1111,Fatma Hassan,M,51,L004,12/6/2021
C1112,Omar Ibrahim,M,35,L001,8/17/2025
C1113,Sara Tarek,F,59,L002,4/20/2024
C1114,Youssef Ibrahim,M,37,L004,7/3/2022
C1115,John Taylor,M,32,L007,12/16/2021
C1116,Mostafa Khaled,M,38,L003,10/11/2022
C1117,Michael Davis,M,57,L011,6/10/2022
C1118,Mohamed Salem,F,61,L001,9/21/2021
C1119,Youssef Hassan,M,,L002,3/13/2021
C1120,Fatma Tarek,M,31,L003,12/12/2023
C1121,Anna Smith,M,37,L011,6/30/2021
C1122,Emily Taylor,F,63,L008,3/30/2022
C1123,John Brown,M,57,L009,12/20/2022
C1124,Anna Smith,F,66,L008,9/4/2023
C1125,Mostafa Salem,M,23,L005,12/28/2024
C1126,Emma Smith,M,50,L010,7/17/2021
C1127,Emily Miller,M,38,L010,6/20/2023
C1128,Mohamed Hassan,F,25,L002,1/25/2022
C1129,David Wilson,F,63,L008,8/9/2024
C1130,Mostafa Nasser,M,46,L001,10/11/2022
C1131,Mostafa Khaled,F,28,L003,11/10/2024
C1132,Emily Williams,M,18,L010,6/25/2024
C1133,Mohamed Tarek,M,39,L001,9/25/2022
C1134,John Taylor,F,38,L009,10/31/2020
C1135,Mostafa Khaled,M,57,L004,11/26/2020
C1136,Mohamed Khaled,F,27,L005,10/18/2021
C1137,Anna Johnson,F,39,L011,2/14/2024
C1138,Sophia Brown,F,66,L010,9/2/2021
C1139,John Brown,F,27,L009,9/30/2020
C1140,David Smith,M,62,L010,4/11/2022
C1141,David Williams,F,25,L008,4/27/2024
C1142,Robert Davis,F,37,L011,3/25/2023
C1143,Aisha Mahmoud,M,67,L002,8/9/2024
C1144,Fatma Mahmoud,M,67,L006,9/9/2023
C1145,Emily Taylor,M,28,L008,8/22/2020
C1146,Robert Davis,M,27,L011,6/24/2023
C1147,Aisha Ibrahim,F,68,L001,8/22/2023
C1148,Sophia Smith,M,44,L007,2/8/2022
C1149,Sophia Miller,F,36,L010,12/2/2022
C1150,Emily Wilson,F,70,L011,8/20/2023
C1151,Emma Brown,F,35,L012,8/15/2022
C1152,Emily Davis,F,27,L012,10/27/2024
C1153,Michael Johnson,F,25,L009,8/10/2023
C1154,Emma Williams,M,30,L008,11/20/2024
C1155,Sara Ali,F,41,L002,5/2/2025
C1156,Sophia Johnson,F,41,L012,9/12/2020
C1157,Mostafa Hassan,M,38,L002,4/6/2024
C1158,Sara Ali,F,51,L006,12/12/2021
C1159,Emily Smith,M,62,L012,11/13/2021
C1160,John Taylor,F,39,L009,10/29/2020
C1161,Emma Smith,F,44,L010,1/16/2025
C1162,Mostafa Khaled,M,57,L002,10/24/2021
C1163,Emma Brown,F,64,L007,11/11/2022
C1164,Anna Taylor,M,50,L010,2/10/2024
C1165,Omar Nasser,M,64,L001,11/7/2024
C1166,Anna Wilson,F,47,L007,1/28/2022
C1167,Anna Brown,M,67,L012,2/12/2023
C1168,Sophia Davis,F,67,L010,6/14/2022
C1169,Aisha Hassan,M,57,L002,1/22/2025
C1170,Omar Ibrahim,F,53,L006,6/10/2022
C1171,Sophia Miller,M,59,L011,9/11/2021
C1172,Mohamed Mahmoud,M,43,L006,7/31/2025
C1173,Mohamed Hassan,F,18,L004,8/1/2021
C1174,Ahmed Ali,M,53,L005,1/9/2024
C1175,Sara Salem,F,58,L005,12/30/2022
C1176,Sara Nasser,M,32,L004,10/11/2021
C1177,Omar Mahmoud,M,44,L005,3/23/2025
C1178,David Smith,M,62,L012,4/12/2024
C1179,Sophia Davis,M,50,L008,2/9/2023
C1180,Mostafa Mahmoud,M,,L001,9/12/2021
C1181,Emma Davis,M,49,L009,7/26/2025
C1182,John Wilson,F,21,L011,6/4/2025
C1183,Mohamed Mahmoud,M,,L006,1/13/2024
C1184,Anna Smith,M,26,L010,4/29/2024
C1185,Ahmed Tarek,M,19,L001,12/4/2023
C1186,Omar Nasser,F,28,L005,8/19/2021
C1187,Emily Smith,M,37,L011,12/29/2020
C1188,Michael Taylor,F,20,L009,2/24/2022
C1189,Fatma Tarek,M,30,L005,9/14/2020
C1190,Youssef Khaled,F,45,L003,3/27/2022
C1191,Michael Smith,F,53,L012,2/13/2024
C1192,Youssef Khaled,M,36,L006,3/6/2024
C1193,Sara Hassan,F,57,L006,4/19/2022
C1194,John Davis,F,42,L008,8/28/2024
C1195,Ahmed Nasser,M,43,L003,2/21/2025
C1196,Robert Davis,F,18,L009,4/3/2025
C1197,Fatma Tarek,M,21,L006,1/12/2021
C1198,Anna Miller,F,64,L009,3/10/2025
C1199,Mostafa Ibrahim,M,24,L006,7/1/2024
C1200,Anna Davis,M,26,L010,7/28/2025
C1201,David Williams,F,52,L009,7/17/2022
C1202,Anna Wilson,M,30,L012,7/9/2022
C1203,Ahmed Nasser,M,53,L005,2/14/2024
C1204,Omar Salem,F,57,L006,2/10/2025
C1205,Emily Taylor,M,63,L010,11/16/2023
C1206,David Miller,M,45,L011,9/10/2022
C1207,Emma Williams,M,68,L009,12/16/2023
C1208,David Brown,F,36,L009,2/20/2023
C1209,Fatma Ali,M,35,L003,7/12/2023
C1210,Robert Taylor,M,40,L007,4/2/2023
C1211,Mostafa Hassan,F,61,L005,6/17/2023
C1212,Mostafa Khaled,M,52,L002,1/6/2025
C1213,Emily Wilson,F,26,L008,1/26/2023
C1214,Mostafa Mahmoud,M,53,L001,9/7/2021
C1215,Michael Wilson,F,28,L008,8/25/2022
C1216,Mostafa Mahmoud,F,47,L005,7/30/2022
C1217,John Brown,M,45,L008,6/4/2025
C1218,Ahmed Nasser,F,51,L001,8/17/2023
C1219,Mostafa Mahmoud,M,68,L006,2/18/2022
C1220,Youssef Nasser,F,59,L006,7/25/2021
C1221,Sara Ibrahim,F,35,L005,4/2/2025
C1222,Ahmed Ali,M,34,L003,1/27/2022
C1223,Mostafa Ali,F,24,L003,2/4/2023
C1224,Emily Taylor,F,34,L010,10/30/2021
C1225,Emma Smith,M,47,L010,9/14/2024
C1226,Omar Khaled,M,61,L006,5/18/2022
C1227,Sara Ibrahim,F,69,L003,11/15/2021
C1228,David Brown,F,19,L007,6/7/2023
C1229,David Williams,F,60,L009,5/7/2021
C1230,Sara Khaled,M,63,L005,1/18/2023
C1231,Sara Salem,F,35,L004,5/1/2024
C1232,Omar Hassan,F,31,L003,12/9/2022
C1233,Emily Davis,F,30,L010,2/23/2021
C1234,Sophia Miller,M,,L009,4/26/2025
C1235,Omar Ibrahim,F,53,L003,10/28/2020
C1236,Anna Miller,M,56,L011,4/16/2021
C1237,Michael Davis,F,20,L008,8/10/2025
C1238,Fatma Mahmoud,F,26,L003,2/11/2024
C1239,John Davis,M,19,L007,8/7/2022
C1240,David Smith,F,49,L007,6/16/2024
C1241,Mohamed Salem,F,36,L005,2/11/2022
C1242,Mostafa Tarek,M,21,L006,12/30/2020
C1243,Robert Smith,F,22,L007,7/27/2024
C1244,Sophia Johnson,M,43,L009,3/4/2022
C1245,Ahmed Salem,M,,L006,4/2/2023
C1246,Michael Miller,F,19,L011,1/27/2024
C1247,Omar Nasser,F,31,L003,5/17/2025
C1248,Aisha Mahmoud,F,28,L006,10/14/2023
C1249,Michael Miller,F,27,L011,8/28/2024
C1250,Mohamed Salem,F,41,L003,12/28/2024
C1251,Mohamed Salem,F,36,L001,7/9/2021
C1252,Youssef Hassan,M,66,L003,12/22/2024
C1253,Sara Hassan,F,64,L006,1/25/2024
C1254,Mostafa Ali,M,66,L005,8/18/2023
C1255,Ahmed Hassan,F,68,L002,6/5/2022
C1256,Emma Williams,F,32,L011,1/2/2024
C1257,Sophia Williams,M,65,L008,4/16/2024
C1258,Youssef Hassan,M,27,L006,7/14/2024
C1259,Mostafa Tarek,M,54,L006,12/11/2020
C1260,Fatma Mahmoud,M,33,L005,8/19/2024
C1261,David Taylor,M,69,L011,12/31/2024
C1262,Sara Nasser,M,38,L002,10/13/2022
C1263,Michael Williams,M,33,L012,3/5/2023
C1264,Mohamed Ali,F,69,L002,8/22/2021
C1265,Mohamed Tarek,M,31,L002,4/8/2025
C1266,Sophia Williams,M,20,L012,2/18/2024
C1267,Aisha Mahmoud,F,25,L002,4/21/2025
C1268,Anna Williams,M,38,L011,3/5/2025
C1269,Anna Smith,M,67,L011,8/27/2024
C1270,Mostafa Salem,M,36,L005,11/4/2024
C1271,Mostafa Khaled,M,46,L005,5/1/2025
C1272,Aisha Khaled,F,35,L003,9/27/2022
C1273,Mostafa Khaled,F,67,L002,10/23/2021
C1274,Fatma Khaled,M,,L005,7/7/2021
C1275,Mohamed Ibrahim,F,49,L002,10/12/2020
C1276,John Wilson,F,32,L010,9/14/2021
C1277,David Smith,M,58,L012,11/10/2022
C1278,Robert Smith,F,70,L011,9/6/2024
C1279,Robert Davis,F,45,L010,5/11/2021
C1280,Anna Wilson,F,55,L011,1/22/2023
C1281,Fatma Mahmoud,M,21,L005,9/10/2020
C1282,Sara Khaled,F,54,L006,5/18/2025
C1283,Youssef Tarek,F,37,L005,11/5/2024
C1284,Youssef Ibrahim,M,69,L004,8/26/2023
C1285,Aisha Salem,M,22,L003,9/3/2023
C1286,Robert Davis,M,31,L008,6/7/2022
C1287,Michael Williams,F,59,L009,12/29/2023
C1288,Mohamed Ali,F,28,L004,5/20/2024
C1289,Fatma Tarek,F,64,L006,7/8/2024
C1290,John Williams,M,,L011,9/15/2023
C1291,John Taylor,M,,L011,12/31/2023
C1292,Mostafa Nasser,M,61,L003,11/15/2022
C1293,Michael Taylor,F,,L008,9/23/2023
C1294,Aisha Khaled,M,26,L003,9/28/2020
C1295,Ahmed Khaled,M,36,L003,5/11/2023
C1296,Emily Smith,F,46,L007,12/10/2022
C1297,Omar Ibrahim,F,21,L004,12/7/2020
C1298,Mohamed Ibrahim,F,63,L002,8/19/2021
C1299,Ahmed Hassan,F,28,L003,12/12/2021
C1300,Emily Smith,M,20,L008,3/16/2023
C1301,Ahmed Ali,M,50,L003,11/1/2022
C1302,Sophia Davis,M,64,L012,12/24/2022
C1303,Emily Brown,M,68,L009,5/14/2025
C1304,David Davis,M,19,L008,8/20/2021
C1305,Omar Salem,M,29,L004,5/23/2024
C1306,Michael Williams,M,57,L009,4/5/2025
C1307,Fatma Tarek,M,61,L005,4/6/2024
C1308,Omar Hassan,F,26,L003,1/24/2025
C1309,Fatma Ibrahim,F,33,L003,7/31/2025
C1310,Michael Williams,M,33,L009,3/15/2025
C1311,John Smith,F,58,L012,9/8/2024
C1312,Mohamed Salem,M,47,L004,3/28/2024
C1313,Robert Williams,F,23,L010,6/12/2024
C1314,Robert Smith,F,59,L007,9/18/2024
C1315,Michael Smith,M,39,L008,10/22/2023
C1316,Emma Johnson,F,59,L009,11/29/2021
C1317,Michael Miller,M,43,L009,10/7/2023
C1318,Fatma Ibrahim,F,52,L006,5/24/2023
C1319,Fatma Mahmoud,F,21,L004,2/7/2023
C1320,Emma Smith,M,49,L008,1/18/2025
C1321,Mohamed Khaled,F,52,L002,11/7/2021
C1322,Emma Davis,F,47,L012,12/31/2022
C1323,Mohamed Nasser,M,25,L003,7/31/2025
C1324,Mohamed Ibrahim,M,,L004,6/22/2025
C1325,Aisha Ibrahim,F,66,L005,9/13/2020
C1326,Mostafa Ali,M,43,L002,1/31/2022
C1327,Omar Ibrahim,M,39,L001,4/25/2023
C1328,Omar Ibrahim,M,23,L005,1/24/2025
C1329,Robert Smith,M,27,L011,10/20/2023
C1330,Youssef Nasser,M,49,L005,1/6/2024
C1331,Ahmed Ali,M,45,L005,4/29/2025
C1332,Mostafa Hassan,F,37,L001,1/23/2023
C1333,Sara Salem,F,63,L006,2/19/2021
C1334,Omar Nasser,F,,L005,8/22/2020
C1335,Sophia Davis,M,66,L007,4/21/2024
C1336,Fatma Mahmoud,M,27,L006,2/17/2021
C1337,Michael Miller,M,45,L009,2/7/2024
C1338,Fatma Khaled,M,55,L004,2/4/2023
C1339,Michael Wilson,F,23,L008,7/29/2025
C1340,Sophia Williams,F,58,L007,3/25/2021
C1341,Anna Johnson,F,30,L012,10/19/2023
C1342,Michael Wilson,F,54,L009,7/4/2025
C1343,Sophia Davis,F,19,L007,4/23/2024
C1344,Fatma Mahmoud,F,56,L003,2/18/2021
C1345,Mohamed Khaled,F,38,L002,4/11/2025
C1346,Anna Miller,M,35,L007,3/2/2023
C1347,John Smith,M,49,L007,12/16/2024
C1348,Anna Smith,F,52,L010,10/22/2021
C1349,Aisha Salem,M,23,L001,9/17/2024
C1350,Sophia Johnson,F,48,L008,2/12/2022
C1351,Anna Davis,M,66,L010,9/3/2024
C1352,Sophia Wilson,F,26,L008,4/2/2021
C1353,Fatma Tarek,F,37,L003,4/19/2025
C1354,John Miller,F,47,L009,6/30/2025
C1355,Omar Ibrahim,F,67,L005,2/28/2023
C1356,Fatma Ali,F,57,L004,4/25/2022
C1357,Omar Khaled,M,50,L006,8/1/2022
C1358,Michael Taylor,M,40,L012,3/10/2025
C1359,Emily Johnson,M,32,L009,9/9/2024
C1360,John Johnson,F,30,L009,6/20/2025
C1361,Mostafa Nasser,M,33,L005,6/18/2024
C1362,Michael Taylor,F,45,L011,11/17/2022
C1363,Michael Brown,M,25,L007,8/25/2021
C1364,Anna Smith,F,67,L012,11/24/2022
C1365,Sophia Johnson,F,44,L008,5/28/2024
C1366,Robert Smith,M,67,L010,5/3/2023
C1367,Ahmed Khaled,M,51,L006,1/14/2021
C1368,Omar Ibrahim,F,43,L001,2/16/2022
C1369,Sophia Davis,M,32,L009,4/6/2023
C1370,Robert Wilson,F,27,L008,1/15/2025
C1371,Omar Tarek,M,61,L004,2/21/2023
C1372,Omar Tarek,F,64,L004,3/27/2023
C1373,Michael Smith,M,55,L011,4/16/2021
C1374,Youssef Salem,M,50,L005,9/24/2021
C1375,Youssef Salem,M,38,L003,6/13/2023
C1376,Fatma Salem,M,49,L005,7/12/2025
C1377,John Smith,F,41,L012,4/20/2021
C1378,Ahmed Mahmoud,M,24,L004,6/1/2025
C1379,Aisha Mahmoud,F,50,L004,11/29/2020
C1380,John Williams,M,47,L009,10/30/2022
C1381,David Brown,F,49,L012,2/9/2023
C1382,Mostafa Khaled,M,39,L001,6/1/2024
C1383,Fatma Hassan,M,48,L003,10/11/2021
C1384,Ahmed Nasser,F,37,L004,3/12/2021
C1385,Aisha Tarek,M,26,L005,10/20/2024
C1386,Fatma Ali,F,47,L004,7/6/2024
C1387,Anna Johnson,M,29,L011,11/30/2020
C1388,Robert Wilson,M,32,L007,5/2/2025
C1389,David Smith,M,67,L012,1/20/2025
C1390,Youssef Mahmoud,F,55,L002,6/26/2022
C1391,Sophia Williams,M,20,L007,4/12/2022
C1392,Ahmed Salem,M,61,L006,7/10/2025
C1393,Michael Davis,M,58,L007,12/15/2024
C1394,John Smith,M,59,L009,1/21/2021
C1395,Sophia Miller,M,24,L012,12/15/2020
C1396,John Miller,F,,L010,4/28/2024
C1397,Emma Taylor,M,45,L011,10/30/2020
C1398,Youssef Nasser,M,24,L002,2/24/2023
C1399,Sophia Smith,M,50,L011,11/2/2022
C1400,Robert Davis,F,61,L007,11/14/2022
C1401,Robert Williams,M,44,L011,2/13/2025
C1402,John Smith,M,62,L009,4/23/2023
C1403,Ahmed Nasser,F,38,L001,12/25/2021
C1404,Emma Johnson,M,57,L007,5/3/2022
C1405,Fatma Salem,M,44,L006,7/30/2025
C1406,Mohamed Khaled,F,42,L001,2/14/2023
C1407,Aisha Salem,F,56,L002,5/23/2025
C1408,David Johnson,F,36,L007,5/20/2023
C1409,David Miller,M,48,L010,8/13/2024
C1410,Omar Tarek,M,64,L004,12/7/2020
C1411,Aisha Ali,M,24,L001,12/31/2024
C1412,Fatma Salem,M,32,L001,1/10/2024
C1413,Emma Miller,M,48,L009,1/31/2023
C1414,Anna Johnson,M,65,L007,1/24/2025
C1415,Mostafa Tarek,F,60,L005,5/13/2023
C1416,Emily Williams,F,58,L011,10/9/2021
C1417,Omar Nasser,F,38,L005,3/26/2023
C1418,John Taylor,F,41,L012,7/13/2025
C1419,Sara Mahmoud,F,29,L004,5/9/2022
C1420,Robert Wilson,F,69,L011,10/29/2022
C1421,Youssef Khaled,F,33,L005,7/18/2022
C1422,Ahmed Nasser,F,20,L006,10/28/2020
C1423,Omar Ali,M,19,L003,9/22/2023
C1424,Fatma Nasser,F,61,L006,7/2/2025
C1425,Mostafa Ali,F,54,L003,11/26/2021
C1426,Mostafa Hassan,F,31,L003,7/17/2021
C1427,Mostafa Nasser,F,39,L004,12/1/2022
C1428,Mostafa Mahmoud,M,58,L006,5/18/2025
C1429,Omar Khaled,F,44,L006,1/23/2022
C1430,Michael Williams,M,55,L012,12/20/2023
C1431,Omar Tarek,M,63,L003,10/18/2020
C1432,Emma Miller,F,40,L009,11/5/2021
C1433,Emma Davis,M,39,L008,3/21/2021
C1434,Robert Smith,F,67,L007,1/5/2023
C1435,Youssef Khaled,F,42,L004,8/28/2022
C1436,Mohamed Khaled,F,27,L006,6/3/2023
C1437,Aisha Khaled,F,29,L003,5/27/2022
C1438,Ahmed Salem,F,30,L005,2/8/2023
C1439,Youssef Ibrahim,F,30,L003,1/25/2025
C1440,Sophia Johnson,F,49,L010,11/28/2022
C1441,Michael Brown,M,35,L012,8/12/2023
C1442,Mohamed Tarek,M,40,L006,5/19/2023
C1443,Youssef Ibrahim,F,56,L003,11/13/2021
C1444,Sophia Brown,F,42,L010,6/10/2025
C1445,Emily Brown,M,66,L008,1/20/2023
C1446,Sara Khaled,M,26,L003,3/20/2022
C1447,Omar Salem,F,19,L004,10/21/2020
C1448,Michael Miller,M,63,L007,7/21/2021
C1449,Robert Williams,M,23,L009,4/20/2025
C1450,Omar Ali,F,55,L005,10/20/2020
C1451,Youssef Ibrahim,M,,L002,1/6/2025
C1452,Omar Khaled,F,52,L006,1/2/2022
C1453,Emily Williams,M,50,L008,7/3/2024
C1454,Michael Smith,M,,L008,3/15/2023
C1455,Sophia Smith,M,23,L008,4/3/2022
C1456,Mostafa Nasser,F,45,L003,12/22/2023
C1457,Aisha Ali,M,47,L005,8/3/2021
C1458,Omar Hassan,M,48,L002,7/9/2024
C1459,Mohamed Nasser,F,51,L004,11/25/2023
C1460,Mohamed Salem,F,46,L003,4/28/2023
C1461,Ahmed Tarek,M,41,L003,5/12/2023
C1462,Omar Mahmoud,M,42,L001,8/23/2023
C1463,Ahmed Mahmoud,M,19,L004,3/21/2025
C1464,Robert Taylor,F,35,L010,6/25/2021
C1465,Omar Salem,M,50,L002,4/26/2021
C1466,Sara Ali,F,52,L001,5/25/2025
C1467,Emma Miller,M,40,L010,7/27/2023
C1468,Anna Smith,M,66,L010,9/6/2022
C1469,Mostafa Salem,F,44,L005,3/20/2023
C1470,Sophia Johnson,M,55,L010,6/2/2023
C1471,Sara Salem,F,26,L002,3/1/2025
C1472,Emily Davis,F,61,L012,8/1/2022
C1473,Sara Nasser,M,40,L001,8/9/2025
C1474,Mohamed Tarek,M,,L001,7/10/2025
C1475,Aisha Salem,M,,L006,12/6/2024
C1476,Anna Wilson,M,23,L009,2/13/2023
C1477,David Williams,F,44,L010,9/26/2022
C1478,Ahmed Ibrahim,F,34,L001,3/9/2025
C1479,Omar Salem,F,18,L005,4/6/2022
C1480,Emily Brown,M,46,L012,5/3/2025
C1481,Fatma Hassan,F,52,L005,10/19/2022
C1482,Anna Wilson,F,64,L011,2/22/2025
C1483,Emily Brown,F,29,L011,1/25/2023
C1484,Anna Taylor,F,,L010,8/21/2021
C1485,Mostafa Ibrahim,M,31,L004,7/1/2021
C1486,Fatma Ibrahim,F,61,L006,7/17/2024
C1487,John Williams,F,56,L009,1/30/2022
C1488,Robert Williams,M,,L009,5/15/2024
C1489,Mohamed Tarek,M,62,L001,7/8/2021
C1490,Sophia Brown,M,44,L011,12/15/2022
C1491,David Williams,F,39,L012,8/13/2023
C1492,Sara Nasser,F,22,L004,9/27/2023
C1493,Robert Davis,F,70,L010,1/19/2021
C1494,Robert Johnson,M,19,L008,10/20/2023
C1495,David Taylor,F,70,L008,3/28/2023
C1496,Emily Davis,F,62,L007,10/27/2022
C1497,Anna Davis,M,32,L007,6/19/2025
C1498,Youssef Mahmoud,F,48,L001,12/21/2023
C1499,Michael Williams,F,70,L010,9/1/2023
C1500,Mohamed Ali,F,29,L006,2/18/2021
C1501,Anna Davis,F,53,L008,12/18/2024
C1502,Mohamed Salem,M,55,L004,9/30/2023
C1503,Youssef Khaled,M,,L004,12/21/2020
C1504,John Smith,M,26,L011,3/20/2023
C1505,Mohamed Tarek,F,48,L003,11/5/2021
C1506,Robert Taylor,F,21,L009,2/1/2023
C1507,Sophia Johnson,M,63,L008,4/29/2021
C1508,Emma Wilson,F,32,L009,9/8/2021
C1509,Anna Taylor,M,34,L012,10/23/2021
C1510,Aisha Ali,M,46,L003,2/23/2022
C1511,David Davis,F,50,L011,5/29/2022
C1512,Mostafa Tarek,F,39,L002,5/8/2022
C1513,John Brown,F,,L010,6/4/2023
C1514,Michael Brown,F,48,L011,8/25/2020
C1515,Omar Khaled,F,18,L006,8/4/2022
C1516,Emma Williams,M,63,L012,2/1/2025
C1517,John Davis,M,60,L012,8/26/2022
C1518,Emily Miller,M,64,L007,5/31/2024
C1519,Omar Salem,F,53,L005,2/12/2021
C1520,Omar Hassan,F,31,L002,4/3/2022
C1521,Robert Brown,M,39,L010,11/29/2021
C1522,Ahmed Ibrahim,M,39,L006,9/17/2022
C1523,Youssef Salem,M,51,L004,2/19/2023
C1524,Emily Williams,F,23,L012,5/14/2023
C1525,Fatma Mahmoud,M,32,L005,12/31/2020
C1526,Aisha Nasser,F,61,L004,8/28/2023
C1527,Emily Davis,F,25,L012,9/5/2024
C1528,Aisha Ali,F,29,L004,5/10/2024
C1529,Youssef Nasser,M,38,L002,7/22/2025
C1530,Sara Khaled,M,64,L003,11/19/2024
C1531,Sophia Davis,M,23,L010,1/17/2021
C1532,Emma Taylor,F,50,L008,8/8/2025
C1533,David Miller,F,,L012,7/26/2025
C1534,David Williams,F,30,L011,5/3/2023
C1535,Fatma Salem,F,32,L002,5/16/2024
C1536,Michael Wilson,M,70,L008,3/8/2022
C1537,Robert Brown,M,68,L009,11/30/2024
C1538,Ahmed Mahmoud,F,34,L004,5/28/2022
C1539,Aisha Ibrahim,M,52,L001,8/27/2021
C1540,Sophia Miller,F,61,L010,11/28/2020
C1541,Sara Khaled,M,39,L001,10/5/2023
C1542,Omar Tarek,F,32,L005,12/31/2021
C1543,Emily Davis,M,46,L010,7/24/2025
C1544,Robert Johnson,M,65,L011,10/20/2021
C1545,John Wilson,F,20,L009,2/1/2021
C1546,Sophia Smith,M,68,L011,2/8/2025
C1547,John Wilson,M,38,L010,9/8/2021
C1548,Emily Miller,F,41,L009,6/3/2023
C1549,Fatma Ibrahim,M,48,L001,5/25/2024
C1550,Emma Williams,M,70,L009,2/22/2024
C1551,Ahmed Nasser,M,54,L005,5/12/2022
C1552,Fatma Mahmoud,M,30,L002,1/20/2023
C1553,Robert Johnson,F,47,L009,8/25/2023
C1554,Anna Smith,M,61,L010,6/20/2024
C1555,John Williams,M,69,L009,10/8/2024
C1556,Emma Miller,M,,L012,8/24/2023
C1557,Fatma Nasser,F,,L001,12/25/2024
C1558,Ahmed Khaled,F,68,L003,2/16/2025
C1559,Omar Nasser,F,50,L003,5/15/2021
C1560,Michael Johnson,F,26,L010,1/4/2025
C1561,Sara Nasser,F,46,L002,3/12/2022
C1562,Emma Davis,F,43,L010,9/21/2021
C1563,Emily Wilson,F,37,L008,2/25/2023
C1564,Omar Salem,F,18,L005,3/11/2022
C1565,Omar Nasser,M,50,L005,3/22/2021
C1566,Michael Wilson,M,45,L009,4/30/2022
C1567,Fatma Salem,F,64,L004,6/8/2023
C1568,Emily Williams,M,61,L011,11/9/2020
C1569,Aisha Nasser,M,,L004,4/23/2024
C1570,Emily Smith,M,23,L011,6/2/2024
C1571,Sophia Johnson,F,39,L008,12/22/2024
C1572,Ahmed Khaled,M,44,L002,11/26/2023
C1573,Ahmed Salem,F,47,L005,6/25/2025
C1574,Michael Miller,M,45,L009,4/20/2021
C1575,Mostafa Mahmoud,F,67,L004,10/13/2020
C1576,Robert Brown,F,67,L009,11/2/2021
C1577,Mostafa Ali,F,37,L003,3/16/2021
C1578,Mohamed Tarek,M,30,L003,2/15/2021
C1579,David Davis,F,30,L009,5/16/2021
C1580,Anna Johnson,F,22,L007,5/23/2025
C1581,Emma Miller,F,38,L007,10/20/2022
C1582,David Smith,F,40,L012,10/25/2024
C1583,David Williams,M,46,L011,11/26/2022
C1584,Aisha Tarek,F,48,L002,12/18/2024
C1585,Michael Brown,F,28,L010,7/26/2025
C1586,David Brown,M,28,L012,6/22/2022
C1587,John Miller,F,46,L011,12/15/2024
C1588,Ahmed Khaled,M,68,L004,12/18/2023
C1589,Emma Davis,M,31,L007,6/7/2025
C1590,Emma Wilson,F,63,L010,6/12/2023
C1591,Aisha Ali,M,37,L005,11/28/2022
C1592,Youssef Tarek,F,27,L005,11/29/2024
C1593,Ahmed Ali,M,34,L004,5/14/2022
C1594,Emma Brown,F,44,L008,12/19/2022
C1595,Michael Smith,F,63,L012,1/30/2022
C1596,Robert Brown,M,50,L007,8/16/2025
C1597,Anna Smith,F,68,L011,5/11/2025
C1598,Omar Ibrahim,M,38,L001,3/18/2023
C1599,Emily Wilson,M,25,L011,3/17/2021
C1600,Emma Smith,F,58,L007,11/25/2022
C1601,Robert Davis,M,70,L008,12/7/2020
C1602,Youssef Hassan,F,42,L003,1/8/2021
C1603,John Johnson,F,62,L011,2/13/2025
C1604,David Williams,F,39,L010,10/27/2021
C1605,Omar Khaled,F,26,L005,1/31/2024
C1606,Emily Miller,M,48,L007,4/5/2024
C1607,Robert Wilson,M,24,L009,4/8/2021
C1608,Sara Ali,M,47,L005,11/2/2020
C1609,Ahmed Hassan,M,,L005,9/12/2022
C1610,Robert Smith,F,,L007,1/19/2025
C1611,Mostafa Ibrahim,M,43,L004,12/20/2023
C1612,David Smith,M,39,L012,6/15/2023
C1613,Emma Taylor,M,42,L008,12/5/2020
C1614,Sophia Brown,M,29,L011,8/7/2022
C1615,Fatma Mahmoud,M,27,L005,11/22/2022
C1616,Sara Ali,F,49,L003,9/3/2021
C1617,John Wilson,M,49,L010,12/14/2020
C1618,Sara Tarek,F,38,L005,4/19/2025
C1619,Michael Wilson,F,27,L011,3/9/2021
C1620,Robert Williams,M,51,L011,5/16/2023
C1621,Emma Wilson,M,64,L010,9/11/2022
C1622,Omar Ibrahim,F,,L003,9/6/2020
C1623,Anna Taylor,F,62,L008,3/31/2024
C1624,Youssef Mahmoud,M,,L004,1/22/2021
C1625,Fatma Salem,M,41,L006,3/25/2023
C1626,Sara Ali,M,37,L002,12/15/2020
C1627,Ahmed Mahmoud,F,66,L005,10/16/2022
C1628,Anna Miller,M,19,L012,6/12/2023
C1629,Omar Tarek,F,52,L005,2/4/2024
C1630,Youssef Nasser,M,54,L003,4/2/2023
C1631,David Williams,F,45,L009,12/1/2024
C1632,Robert Taylor,M,59,L012,12/22/2023
C1633,Emily Williams,M,60,L010,3/24/2022
C1634,Fatma Mahmoud,M,20,L003,2/10/2025
C1635,Anna Davis,F,36,L012,4/15/2023
C1636,Youssef Ibrahim,M,47,L001,10/18/2020
C1637,Aisha Khaled,F,65,L004,2/23/2024
C1638,Aisha Ibrahim,F,25,L006,1/24/2023
C1639,David Davis,M,63,L010,5/8/2024
C1640,David Smith,F,41,L012,7/24/2025
C1641,Mohamed Tarek,F,50,L005,5/21/2023
C1642,Mohamed Hassan,M,35,L005,10/13/2022
C1643,Emma Taylor,F,22,L008,2/11/2023
C1644,Sophia Taylor,M,18,L011,3/13/2025
C1645,Michael Wilson,M,22,L007,6/23/2025
C1646,Emily Brown,F,64,L011,3/11/2021
C1647,Emily Brown,M,,L007,2/24/2022
C1648,Robert Wilson,F,,L007,2/17/2024
C1649,Emily Wilson,F,68,L008,7/27/2022
C1650,Mostafa Mahmoud,M,26,L001,11/28/2021
C1651,Sara Mahmoud,F,64,L001,8/28/2024
C1652,Sophia Williams,M,36,L010,7/20/2022
C1653,Youssef Salem,F,38,L001,2/12/2021
C1654,Sophia Miller,M,67,L009,12/16/2024
C1655,Mostafa Mahmoud,M,52,L003,12/5/2021
C1656,Youssef Nasser,F,44,L005,2/7/2021
C1657,Mostafa Nasser,M,29,L001,7/21/2021
C1658,Robert Smith,M,46,L008,8/12/2025
C1659,Ahmed Hassan,F,58,L005,2/4/2022
C1660,Aisha Salem,F,67,L006,6/26/2025
C1661,Emma Wilson,F,64,L008,2/13/2024
C1662,David Wilson,F,63,L007,5/1/2023
C1663,David Taylor,M,32,L011,7/25/2025
C1664,Emma Williams,F,38,L007,8/4/2025
C1665,Sara Ali,M,,L004,10/31/2021
C1666,Emma Smith,F,39,L009,2/17/2022
C1667,Sophia Davis,F,44,L010,1/9/2022
C1668,Mostafa Ibrahim,F,69,L004,8/13/2023
C1669,Emily Smith,F,35,L008,2/12/2022
C1670,Mohamed Salem,M,40,L005,2/21/2022
C1671,Emily Johnson,F,60,L007,11/11/2021
C1672,Omar Hassan,M,61,L004,10/15/2023
C1673,Fatma Khaled,M,40,L004,1/31/2025
C1674,Anna Smith,F,40,L008,10/11/2024
C1675,Ahmed Ali,F,41,L005,3/6/2021
C1676,Sophia Williams,M,31,L011,1/13/2025
C1677,Omar Ali,M,64,L002,5/29/2022
C1678,John Brown,F,41,L011,3/7/2024
C1679,Sara Nasser,F,58,L006,11/12/2023
C1680,Omar Ibrahim,F,31,L006,2/4/2025
C1681,Emily Miller,M,21,L009,5/18/2021
C1682,Mohamed Ali,F,56,L004,8/12/2024
C1683,Sara Mahmoud,M,42,L002,1/19/2021
C1684,John Miller,F,54,L012,10/12/2023
C1685,Youssef Ibrahim,M,66,L005,12/5/2022
C1686,Mostafa Mahmoud,M,21,L003,10/25/2022
C1687,Sophia Taylor,F,35,L012,9/27/2023
C1688,John Williams,F,31,L008,7/28/2022
C1689,John Johnson,F,60,L009,8/15/2022
C1690,Mostafa Hassan,F,43,L006,10/22/2021
C1691,Emily Smith,F,44,L010,12/20/2023
C1692,Omar Ali,F,,L004,11/21/2023
C1693,Youssef Ali,F,68,L004,7/28/2025
C1694,Youssef Ali,F,63,L001,4/2/2024
C1695,Sophia Davis,M,36,L009,12/2/2024
C1696,Mostafa Ali,F,40,L002,3/7/2022
C1697,Sophia Wilson,F,,L010,7/8/2025
C1698,Emily Wilson,F,62,L010,6/11/2023
C1699,Emma Davis,F,65,L011,10/15/2021
C1700,Mostafa Salem,F,45,L006,11/23/2020
C1701,Sophia Smith,M,39,L010,5/11/2023
C1702,Fatma Ali,F,56,L004,12/12/2023
C1703,Omar Hassan,M,61,L001,4/23/2024
C1704,Youssef Salem,F,30,L003,3/22/2024
C1705,Sara Tarek,F,48,L001,4/21/2024
C1706,Emma Taylor,F,34,L008,3/18/2024
C1707,John Johnson,F,32,L011,5/8/2021
C1708,Sophia Brown,M,23,L008,1/10/2024
C1709,John Brown,M,69,L012,8/17/2023
C1710,Youssef Tarek,F,41,L006,2/16/2022
C1711,Mohamed Ibrahim,M,35,L003,2/27/2024
C1712,Emma Davis,F,58,L012,5/14/2024
C1713,Mostafa Salem,M,44,L002,4/9/2025
C1714,Sophia Brown,M,59,L011,3/14/2023
C1715,Mostafa Ibrahim,M,24,L004,12/9/2022
C1716,Robert Davis,M,64,L009,2/25/2022
C1717,Fatma Ibrahim,F,56,L001,1/15/2023
C1718,Anna Miller,F,49,L007,3/7/2025
C1719,Fatma Tarek,F,26,L002,2/12/2021
C1720,Fatma Hassan,M,50,L002,8/25/2020
C1721,Mostafa Ibrahim,M,19,L006,10/15/2023
C1722,Youssef Mahmoud,M,55,L003,4/9/2025
C1723,Mostafa Khaled,M,46,L003,7/9/2023
C1724,Sara Nasser,M,30,L003,2/10/2023
C1725,Aisha Mahmoud,M,46,L002,7/13/2022
C1726,Michael Miller,M,66,L008,8/20/2023
C1727,Ahmed Hassan,M,28,L002,8/14/2024
C1728,Emma Brown,F,42,L011,7/4/2021
C1729,Fatma Ali,M,57,L003,7/24/2021
C1730,Emma Miller,M,,L009,5/14/2023
C1731,Aisha Khaled,M,39,L003,2/22/2021
C1732,Sara Nasser,F,,L003,10/9/2023
C1733,Anna Johnson,F,51,L007,4/16/2024
C1734,David Taylor,F,61,L011,5/4/2025
C1735,Mohamed Ali,F,65,L001,1/19/2024
C1736,Mostafa Nasser,F,19,L002,9/12/2024
C1737,Emily Williams,F,44,L012,6/8/2025
C1738,Michael Williams,M,55,L012,6/29/2025
C1739,Emma Smith,F,44,L011,1/27/2025
C1740,Sophia Brown,F,55,L007,8/4/2025
C1741,Omar Hassan,M,33,L005,1/12/2021
C1742,Anna Johnson,M,,L012,10/15/2022
C1743,Fatma Salem,F,68,L004,5/30/2025
C1744,David Johnson,M,31,L012,3/7/2025
C1745,John Johnson,M,68,L010,7/24/2022
C1746,Mohamed Ibrahim,F,19,L003,10/17/2022
C1747,Emily Miller,F,51,L009,9/5/2020
C1748,Emma Davis,F,25,L008,11/12/2020
C1749,Michael Johnson,F,40,L012,12/25/2021
C1750,Mostafa Ali,M,46,L005,4/13/2021
C1751,Robert Williams,M,62,L010,9/5/2024
C1752,Michael Taylor,F,33,L011,10/1/2021
C1753,Anna Johnson,M,28,L012,8/2/2022
C1754,David Davis,M,22,L009,8/21/2024
C1755,Robert Williams,F,53,L007,6/8/2023
C1756,David Brown,F,38,L008,10/15/2020
C1757,Youssef Khaled,M,35,L004,7/11/2023
C1758,Mostafa Khaled,M,49,L003,1/22/2023
C1759,Sophia Wilson,F,67,L010,6/20/2022
C1760,John Taylor,M,42,L011,1/5/2025
C1761,Mohamed Tarek,F,38,L002,3/4/2024
C1762,David Brown,F,25,L010,2/13/2023
C1763,Mostafa Ali,M,23,L001,9/24/2024
C1764,Anna Davis,M,60,L011,2/3/2024
C1765,Aisha Nasser,F,52,L004,6/11/2025
C1766,Anna Brown,F,67,L010,7/10/2025
C1767,Sophia Wilson,M,21,L007,3/19/2021
C1768,Mohamed Ibrahim,M,26,L005,1/28/2021
C1769,Emma Smith,M,27,L009,7/5/2024
C1770,David Johnson,F,24,L009,4/16/2023
C1771,Ahmed Tarek,F,44,L005,2/9/2024
C1772,David Smith,M,51,L010,5/24/2023
C1773,John Taylor,M,52,L007,4/6/2023
C1774,Emily Smith,M,56,L008,2/7/2022
C1775,Ahmed Hassan,M,60,L006,3/25/2021
C1776,Emma Smith,M,69,L009,6/13/2024
C1777,Sophia Taylor,F,30,L007,1/11/2024
C1778,Omar Nasser,M,38,L001,11/19/2020
C1779,Emily Miller,M,67,L011,4/2/2022
C1780,Anna Wilson,M,18,L008,2/2/2021
C1781,Ahmed Salem,M,57,L003,8/16/2025
C1782,Emma Brown,M,30,L007,11/22/2023
C1783,Aisha Ali,M,33,L004,5/10/2022
C1784,Youssef Ali,M,64,L001,11/12/2021
C1785,John Wilson,F,50,L009,8/1/2021
C1786,John Brown,M,24,L007,10/24/2021
C1787,Ahmed Mahmoud,M,42,L006,10/15/2022
C1788,Sara Khaled,F,68,L001,4/19/2024
C1789,Sophia Wilson,F,27,L007,9/3/2020
C1790,Anna Smith,F,36,L010,9/29/2021
C1791,Mostafa Ali,F,43,L006,10/15/2020
C1792,Ahmed Mahmoud,F,35,L004,7/22/2025
C1793,Youssef Khaled,F,38,L001,1/26/2021
C1794,Mohamed Khaled,M,59,L001,8/10/2023
C1795,Sara Ibrahim,M,29,L001,9/21/2021
C1796,Mohamed Ibrahim,M,57,L001,2/15/2025
C1797,Mostafa Mahmoud,F,56,L006,12/7/2022
C1798,Aisha Khaled,M,55,L003,5/14/2023
C1799,Mohamed Ali,M,,L005,8/26/2020
C1800,Emma Williams,F,39,L010,8/14/2023
C1801,Fatma Tarek,F,45,L001,7/5/2025
C1802,Youssef Ali,F,70,L003,6/22/2025
C1803,Youssef Tarek,F,43,L004,8/23/2023
C1804,Aisha Mahmoud,F,30,L006,10/28/2021
C1805,Michael Wilson,F,41,L009,1/3/2023
C1806,Aisha Ali,M,19,L006,3/11/2024
C1807,Emma Davis,F,22,L010,9/8/2021
C1808,Michael Taylor,F,49,L012,12/4/2020
C1809,Fatma Mahmoud,M,61,L006,10/29/2023
C1810,Sophia Johnson,M,65,L011,4/3/2024
C1811,Robert Wilson,F,61,L007,4/9/2025
C1812,Mostafa Ali,F,60,L006,11/26/2021
C1813,Ahmed Hassan,M,34,L004,6/1/2021
C1814,David Williams,M,37,L010,2/11/2023
C1815,John Davis,M,30,L010,9/10/2020
C1816,Sara Hassan,M,37,L001,2/11/2025
C1817,Mostafa Tarek,M,51,L005,8/30/2023
C1818,Mohamed Khaled,M,51,L003,5/14/2025
C1819,Ahmed Ali,M,37,L001,3/22/2025
C1820,Michael Miller,M,,L010,6/3/2021
C1821,David Smith,M,22,L007,4/13/2022
C1822,Fatma Ibrahim,F,32,L006,4/4/2024
C1823,Sophia Smith,M,33,L010,9/2/2023
C1824,Emma Smith,M,63,L010,2/4/2024
C1825,Omar Nasser,M,23,L003,4/10/2021
C1826,Mostafa Ibrahim,F,23,L005,4/13/2022
C1827,John Miller,F,57,L010,10/29/2022
C1828,John Johnson,F,30,L012,9/11/2022
C1829,Emma Brown,F,21,L012,1/27/2021
C1830,Ahmed Tarek,F,27,L001,12/7/2021
C1831,Emily Brown,F,42,L008,7/16/2024
C1832,Youssef Salem,M,42,L003,10/2/2023
C1833,Michael Brown,M,28,L008,12/3/2022
C1834,Mostafa Ibrahim,M,,L005,3/16/2021
C1835,Sara Tarek,F,40,L005,1/15/2024
C1836,Emily Smith,M,31,L008,8/8/2024
C1837,Mostafa Ali,F,59,L004,11/5/2021
C1838,Aisha Ibrahim,F,52,L001,3/2/2024
C1839,Michael Wilson,F,20,L010,8/24/2022
C1840,Omar Nasser,F,48,L004,12/11/2021
C1841,Robert Taylor,F,41,L012,10/27/2023
C1842,Michael Smith,F,24,L008,5/11/2021
C1843,Emily Davis,F,45,L011,5/13/2023
C1844,Michael Johnson,M,39,L012,1/17/2023
C1845,Emma Wilson,F,49,L012,8/6/2024
C1846,Mostafa Salem,M,33,L005,1/13/2022
C1847,Emma Taylor,M,29,L011,6/5/2023
C1848,Mostafa Mahmoud,F,,L003,4/1/2021
C1849,John Taylor,F,31,L009,1/12/2022
C1850,Michael Wilson,F,29,L007,5/23/2025
C1851,Robert Wilson,M,29,L012,7/23/2023
C1852,Omar Tarek,M,42,L002,10/7/2023
C1853,Youssef Nasser,F,,L003,3/7/2025
C1854,Michael Johnson,M,35,L007,4/17/2022
C1855,Mohamed Hassan,F,53,L001,10/27/2020
C1856,Emma Miller,F,33,L010,8/3/2024
C1857,Omar Ali,F,28,L002,7/10/2022
C1858,Robert Johnson,F,59,L010,8/30/2024
C1859,Sophia Wilson,M,51,L010,1/31/2021
C1860,Youssef Tarek,F,63,L004,8/1/2023
C1861,Michael Smith,F,,L007,6/5/2024
C1862,John Miller,F,64,L009,12/6/2023
C1863,Omar Tarek,M,22,L001,2/9/2023
C1864,Sara Tarek,F,31,L005,10/29/2024
C1865,Michael Davis,M,27,L008,7/17/2024
C1866,Aisha Ibrahim,F,68,L006,2/3/2021
C1867,John Taylor,M,33,L009,2/6/2021
C1868,Fatma Ibrahim,F,26,L006,8/7/2023
C1869,Omar Tarek,M,64,L002,11/4/2024
C1870,Ahmed Ibrahim,M,70,L002,3/26/2022
C1871,Robert Wilson,F,22,L012,2/28/2024
C1872,Emily Johnson,F,59,L010,10/22/2021
C1873,David Miller,F,56,L008,4/19/2022
C1874,Anna Smith,M,20,L011,4/19/2022
C1875,Anna Smith,M,47,L008,12/22/2020
C1876,Youssef Hassan,M,65,L003,12/27/2023
C1877,Aisha Salem,F,63,L005,3/22/2024
C1878,Emily Johnson,M,22,L012,6/19/2025
C1879,Emma Smith,F,22,L010,6/5/2022
C1880,Sophia Williams,F,51,L007,6/21/2023
C1881,Youssef Ibrahim,M,44,L006,6/13/2021
C1882,John Smith,F,43,L011,12/18/2020
C1883,Youssef Hassan,M,49,L006,7/22/2023
C1884,David Smith,F,50,L009,4/11/2021
C1885,Aisha Tarek,F,,L002,12/19/2020
C1886,Sophia Davis,F,22,L012,7/12/2024
C1887,Aisha Mahmoud,F,48,L001,2/26/2023
C1888,Sophia Johnson,F,41,L009,2/13/2021
C1889,Emma Johnson,F,24,L009,6/24/2023
C1890,Mostafa Nasser,M,70,L002,2/19/2023
C1891,Emily Miller,M,35,L009,6/16/2024
C1892,Emma Miller,F,24,L008,8/17/2021
C1893,Sara Ibrahim,M,43,L001,12/22/2024
C1894,Sara Ibrahim,F,56,L005,11/26/2024
C1895,Emma Williams,F,63,L012,11/27/2023
C1896,Omar Hassan,F,27,L001,1/20/2025
C1897,Sophia Wilson,M,39,L008,9/21/2021
C1898,Ahmed Ali,M,50,L002,8/8/2022
C1899,Ahmed Hassan,M,32,L002,12/5/2021
C1900,Anna Brown,F,32,L008,8/29/2023
C1901,Fatma Hassan,M,50,L002,11/14/2024
C1902,Youssef Mahmoud,M,61,L001,4/14/2025
C1903,Mohamed Salem,M,18,L005,10/10/2024
C1904,Sara Tarek,F,26,L002,5/23/2021
C1905,Michael Davis,F,22,L010,5/7/2023
C1906,David Johnson,F,54,L008,7/4/2022
C1907,Ahmed Nasser,M,25,L003,4/9/2023
C1908,John Brown,F,35,L009,5/7/2021
C1909,Mostafa Mahmoud,M,67,L003,12/25/2022
C1910,Sophia Taylor,M,47,L007,3/5/2021
C1911,Aisha Khaled,M,63,L006,4/20/2023
C1912,Mohamed Khaled,M,67,L006,5/19/2022
C1913,Fatma Ibrahim,M,51,L003,11/18/2024
C1914,Emily Taylor,F,36,L008,1/14/2023
C1915,Ahmed Ali,M,21,L001,11/11/2023
C1916,Emma Wilson,M,69,L007,8/31/2021
C1917,Aisha Hassan,F,36,L001,10/18/2021
C1918,Sara Mahmoud,F,27,L004,8/16/2024
C1919,Sara Tarek,M,47,L006,6/18/2025
C1920,Robert Taylor,F,70,L010,10/18/2020
C1921,David Smith,M,23,L008,11/29/2023
C1922,David Wilson,F,47,L012,2/5/2025
C1923,Aisha Ali,M,,L003,4/12/2023
C1924,Robert Johnson,M,49,L009,3/22/2025
C1925,Youssef Salem,F,46,L006,12/1/2020
C1926,Mohamed Salem,M,20,L001,5/19/2021
C1927,David Wilson,F,53,L012,3/7/2023
C1928,Emma Davis,F,,L010,11/7/2021
C1929,Mostafa Mahmoud,F,63,L005,3/18/2021
C1930,Mohamed Ali,F,29,L006,4/5/2025
C1931,Aisha Salem,M,37,L005,12/10/2023
C1932,Michael Wilson,F,,L009,11/8/2024
C1933,Omar Hassan,M,27,L006,7/11/2025
C1934,Aisha Ibrahim,M,58,L004,5/21/2022
C1935,Fatma Khaled,F,68,L003,6/11/2022
C1936,Fatma Khaled,F,61,L006,12/2/2022
C1937,Robert Miller,M,19,L012,2/16/2021
C1938,Ahmed Tarek,F,41,L006,12/10/2023
C1939,Youssef Hassan,F,44,L002,4/15/2022
C1940,John Brown,M,46,L012,4/10/2025
C1941,Mohamed Tarek,M,27,L002,11/29/2024
C1942,Robert Wilson,F,44,L007,11/1/2024
C1943,Robert Wilson,F,46,L008,12/20/2021
C1944,Sophia Williams,F,63,L009,1/21/2024
C1945,Youssef Khaled,M,47,L003,2/26/2025
C1946,David Taylor,F,56,L008,10/11/2021
C1947,Sophia Johnson,M,47,L009,9/14/2021
C1948,John Williams,M,26,L007,3/23/2024
C1949,Mohamed Salem,M,29,L001,7/22/2025
C1950,Fatma Khaled,F,40,L006,5/13/2022
C1951,Sara Salem,F,41,L003,11/27/2023
C1952,David Williams,M,28,L008,3/8/2023
C1953,Youssef Khaled,F,60,L005,7/9/2022
C1954,Robert Johnson,F,50,L011,1/9/2025
C1955,John Johnson,M,25,L008,10/4/2022
C1956,Mohamed Hassan,M,38,L006,10/11/2021
C1957,Sophia Miller,F,25,L007,8/20/2024
C1958,Michael Smith,M,53,L012,10/19/2021
C1959,John Wilson,M,47,L009,9/6/2021
C1960,Sophia Taylor,M,35,L009,12/12/2020
C1961,Mohamed Ali,F,33,L004,11/11/2021
C1962,John Johnson,F,55,L011,10/27/2022
C1963,Youssef Ali,F,54,L005,1/30/2025
C1964,Anna Taylor,F,44,L010,11/27/2020
C1965,Emily Brown,F,67,L011,5/4/2024
C1966,John Miller,F,22,L008,6/23/2022
C1967,Ahmed Salem,M,59,L002,12/22/2021
C1968,Emma Miller,F,44,L012,8/15/2022
C1969,David Williams,M,22,L007,8/3/2025
C1970,Youssef Nasser,M,49,L005,6/5/2024
C1971,Mostafa Ali,M,47,L003,10/13/2024
C1972,Emily Miller,M,26,L012,12/3/2023
C1973,Emma Taylor,M,19,L011,12/14/2021
C1974,Robert Taylor,M,43,L009,12/7/2021
C1975,Omar Khaled,M,70,L004,9/20/2020
C1976,Michael Taylor,F,69,L009,3/17/2022
C1977,John Brown,F,66,L009,4/15/2021
C1978,John Smith,F,40,L011,8/1/2023
C1979,Sara Hassan,F,65,L003,11/1/2024
C1980,Aisha Mahmoud,M,28,L003,11/22/2024
C1981,Robert Wilson,M,28,L011,5/20/2021
C1982,Aisha Mahmoud,M,,L006,4/16/2025
C1983,Anna Miller,F,19,L011,6/14/2022
C1984,John Johnson,F,31,L007,9/17/2023
C1985,Sara Hassan,F,61,L004,10/18/2023
C1986,Sophia Taylor,F,21,L008,6/15/2021
C1987,Emily Williams,F,26,L010,5/21/2024
C1988,Ahmed Mahmoud,F,,L004,2/21/2022
C1989,David Smith,M,48,L010,4/28/2022
C1990,Sophia Brown,F,38,L010,3/17/2024
C1991,Mostafa Hassan,M,45,L005,2/20/2025
C1992,Sara Khaled,M,34,L005,11/21/2024
C1993,Michael Williams,M,28,L007,1/15/2023
C1994,Youssef Khaled,F,22,L002,6/21/2025
C1995,Omar Khaled,F,65,L002,1/30/2023
C1996,Omar Hassan,M,36,L004,12/8/2020
C1997,Michael Miller,M,47,L012,9/24/2023
C1998,Omar Ibrahim,F,28,L003,1/19/2023
C1999,Sara Ibrahim,M,54,L003,5/31/2024
C2000,Sara Tarek,F,42,L004,6/29/2022
